timeframe,group,segment,category,year,metric,value,state,region,aggregation,states_included
full-year,hunt,all,all,2010,participants,445468,MO,Midwest,NONE,NA
full-year,hunt,all,all,2011,participants,443084,MO,Midwest,NONE,NA
full-year,hunt,all,all,2012,participants,447465,MO,Midwest,NONE,NA
full-year,hunt,all,all,2013,participants,448951,MO,Midwest,NONE,NA
full-year,hunt,all,all,2014,participants,449341,MO,Midwest,NONE,NA
full-year,hunt,all,all,2015,participants,447014,MO,Midwest,NONE,NA
full-year,hunt,all,all,2016,participants,437390,MO,Midwest,NONE,NA
full-year,hunt,all,all,2017,participants,431897,MO,Midwest,NONE,NA
full-year,hunt,all,all,2018,participants,423660,MO,Midwest,NONE,NA
full-year,hunt,residency,resident,2010,participants,407813,MO,Midwest,NONE,NA
full-year,hunt,residency,resident,2011,participants,405571,MO,Midwest,NONE,NA
full-year,hunt,residency,resident,2012,participants,408718,MO,Midwest,NONE,NA
full-year,hunt,residency,resident,2013,participants,409277,MO,Midwest,NONE,NA
full-year,hunt,residency,resident,2014,participants,407486,MO,Midwest,NONE,NA
full-year,hunt,residency,resident,2015,participants,402842,MO,Midwest,NONE,NA
full-year,hunt,residency,resident,2016,participants,392308,MO,Midwest,NONE,NA
full-year,hunt,residency,resident,2017,participants,385583,MO,Midwest,NONE,NA
full-year,hunt,residency,resident,2018,participants,376433,MO,Midwest,NONE,NA
full-year,hunt,residency,nonresident,2010,participants,37655,MO,Midwest,NONE,NA
full-year,hunt,residency,nonresident,2011,participants,37513,MO,Midwest,NONE,NA
full-year,hunt,residency,nonresident,2012,participants,38747,MO,Midwest,NONE,NA
full-year,hunt,residency,nonresident,2013,participants,39674,MO,Midwest,NONE,NA
full-year,hunt,residency,nonresident,2014,participants,41855,MO,Midwest,NONE,NA
full-year,hunt,residency,nonresident,2015,participants,44172,MO,Midwest,NONE,NA
full-year,hunt,residency,nonresident,2016,participants,45082,MO,Midwest,NONE,NA
full-year,hunt,residency,nonresident,2017,participants,46314,MO,Midwest,NONE,NA
full-year,hunt,residency,nonresident,2018,participants,47227,MO,Midwest,NONE,NA
full-year,hunt,gender,male,2010,participants,390107,MO,Midwest,NONE,NA
full-year,hunt,gender,male,2011,participants,386376,MO,Midwest,NONE,NA
full-year,hunt,gender,male,2012,participants,387658,MO,Midwest,NONE,NA
full-year,hunt,gender,male,2013,participants,387700,MO,Midwest,NONE,NA
full-year,hunt,gender,male,2014,participants,385752,MO,Midwest,NONE,NA
full-year,hunt,gender,male,2015,participants,382711,MO,Midwest,NONE,NA
full-year,hunt,gender,male,2016,participants,374073,MO,Midwest,NONE,NA
full-year,hunt,gender,male,2017,participants,369382,MO,Midwest,NONE,NA
full-year,hunt,gender,male,2018,participants,363191,MO,Midwest,NONE,NA
full-year,hunt,gender,female,2010,participants,55361,MO,Midwest,NONE,NA
full-year,hunt,gender,female,2011,participants,56708,MO,Midwest,NONE,NA
full-year,hunt,gender,female,2012,participants,59807,MO,Midwest,NONE,NA
full-year,hunt,gender,female,2013,participants,61251,MO,Midwest,NONE,NA
full-year,hunt,gender,female,2014,participants,63589,MO,Midwest,NONE,NA
full-year,hunt,gender,female,2015,participants,64303,MO,Midwest,NONE,NA
full-year,hunt,gender,female,2016,participants,63317,MO,Midwest,NONE,NA
full-year,hunt,gender,female,2017,participants,62515,MO,Midwest,NONE,NA
full-year,hunt,gender,female,2018,participants,60469,MO,Midwest,NONE,NA
full-year,hunt,age,18-24,2010,participants,59572,MO,Midwest,NONE,NA
full-year,hunt,age,18-24,2011,participants,59976,MO,Midwest,NONE,NA
full-year,hunt,age,18-24,2012,participants,61450,MO,Midwest,NONE,NA
full-year,hunt,age,18-24,2013,participants,62251,MO,Midwest,NONE,NA
full-year,hunt,age,18-24,2014,participants,62419,MO,Midwest,NONE,NA
full-year,hunt,age,18-24,2015,participants,61474,MO,Midwest,NONE,NA
full-year,hunt,age,18-24,2016,participants,59396,MO,Midwest,NONE,NA
full-year,hunt,age,18-24,2017,participants,58672,MO,Midwest,NONE,NA
full-year,hunt,age,18-24,2018,participants,57194,MO,Midwest,NONE,NA
full-year,hunt,age,25-34,2010,participants,88844,MO,Midwest,NONE,NA
full-year,hunt,age,25-34,2011,participants,89608,MO,Midwest,NONE,NA
full-year,hunt,age,25-34,2012,participants,91155,MO,Midwest,NONE,NA
full-year,hunt,age,25-34,2013,participants,93324,MO,Midwest,NONE,NA
full-year,hunt,age,25-34,2014,participants,94077,MO,Midwest,NONE,NA
full-year,hunt,age,25-34,2015,participants,93996,MO,Midwest,NONE,NA
full-year,hunt,age,25-34,2016,participants,91899,MO,Midwest,NONE,NA
full-year,hunt,age,25-34,2017,participants,90772,MO,Midwest,NONE,NA
full-year,hunt,age,25-34,2018,participants,88922,MO,Midwest,NONE,NA
full-year,hunt,age,35-44,2010,participants,95396,MO,Midwest,NONE,NA
full-year,hunt,age,35-44,2011,participants,92371,MO,Midwest,NONE,NA
full-year,hunt,age,35-44,2012,participants,93264,MO,Midwest,NONE,NA
full-year,hunt,age,35-44,2013,participants,93012,MO,Midwest,NONE,NA
full-year,hunt,age,35-44,2014,participants,92702,MO,Midwest,NONE,NA
full-year,hunt,age,35-44,2015,participants,91899,MO,Midwest,NONE,NA
full-year,hunt,age,35-44,2016,participants,89386,MO,Midwest,NONE,NA
full-year,hunt,age,35-44,2017,participants,88927,MO,Midwest,NONE,NA
full-year,hunt,age,35-44,2018,participants,88745,MO,Midwest,NONE,NA
full-year,hunt,age,45-54,2010,participants,118007,MO,Midwest,NONE,NA
full-year,hunt,age,45-54,2011,participants,115496,MO,Midwest,NONE,NA
full-year,hunt,age,45-54,2012,participants,113435,MO,Midwest,NONE,NA
full-year,hunt,age,45-54,2013,participants,110232,MO,Midwest,NONE,NA
full-year,hunt,age,45-54,2014,participants,107428,MO,Midwest,NONE,NA
full-year,hunt,age,45-54,2015,participants,104766,MO,Midwest,NONE,NA
full-year,hunt,age,45-54,2016,participants,100247,MO,Midwest,NONE,NA
full-year,hunt,age,45-54,2017,participants,96101,MO,Midwest,NONE,NA
full-year,hunt,age,45-54,2018,participants,91214,MO,Midwest,NONE,NA
full-year,hunt,age,55-64,2010,participants,83649,MO,Midwest,NONE,NA
full-year,hunt,age,55-64,2011,participants,85632,MO,Midwest,NONE,NA
full-year,hunt,age,55-64,2012,participants,88162,MO,Midwest,NONE,NA
full-year,hunt,age,55-64,2013,participants,90130,MO,Midwest,NONE,NA
full-year,hunt,age,55-64,2014,participants,92714,MO,Midwest,NONE,NA
full-year,hunt,age,55-64,2015,participants,94880,MO,Midwest,NONE,NA
full-year,hunt,age,55-64,2016,participants,96463,MO,Midwest,NONE,NA
full-year,hunt,age,55-64,2017,participants,97426,MO,Midwest,NONE,NA
full-year,hunt,age,55-64,2018,participants,97586,MO,Midwest,NONE,NA
full-year,hunt,all,all,2014,participants - recruited,48143,MO,Midwest,NONE,NA
full-year,hunt,all,all,2015,participants - recruited,47098,MO,Midwest,NONE,NA
full-year,hunt,all,all,2016,participants - recruited,45415,MO,Midwest,NONE,NA
full-year,hunt,all,all,2017,participants - recruited,45162,MO,Midwest,NONE,NA
full-year,hunt,all,all,2018,participants - recruited,43516,MO,Midwest,NONE,NA
full-year,hunt,residency,resident,2014,participants - recruited,32335,MO,Midwest,NONE,NA
full-year,hunt,residency,resident,2015,participants - recruited,30322,MO,Midwest,NONE,NA
full-year,hunt,residency,resident,2016,participants - recruited,28540,MO,Midwest,NONE,NA
full-year,hunt,residency,resident,2017,participants - recruited,28057,MO,Midwest,NONE,NA
full-year,hunt,residency,resident,2018,participants - recruited,26419,MO,Midwest,NONE,NA
full-year,hunt,residency,nonresident,2014,participants - recruited,15808,MO,Midwest,NONE,NA
full-year,hunt,residency,nonresident,2015,participants - recruited,16776,MO,Midwest,NONE,NA
full-year,hunt,residency,nonresident,2016,participants - recruited,16875,MO,Midwest,NONE,NA
full-year,hunt,residency,nonresident,2017,participants - recruited,17105,MO,Midwest,NONE,NA
full-year,hunt,residency,nonresident,2018,participants - recruited,17097,MO,Midwest,NONE,NA
full-year,hunt,gender,male,2014,participants - recruited,36629,MO,Midwest,NONE,NA
full-year,hunt,gender,male,2015,participants - recruited,36179,MO,Midwest,NONE,NA
full-year,hunt,gender,male,2016,participants - recruited,35195,MO,Midwest,NONE,NA
full-year,hunt,gender,male,2017,participants - recruited,35232,MO,Midwest,NONE,NA
full-year,hunt,gender,male,2018,participants - recruited,34527,MO,Midwest,NONE,NA
full-year,hunt,gender,female,2014,participants - recruited,11514,MO,Midwest,NONE,NA
full-year,hunt,gender,female,2015,participants - recruited,10919,MO,Midwest,NONE,NA
full-year,hunt,gender,female,2016,participants - recruited,10220,MO,Midwest,NONE,NA
full-year,hunt,gender,female,2017,participants - recruited,9930,MO,Midwest,NONE,NA
full-year,hunt,gender,female,2018,participants - recruited,8989,MO,Midwest,NONE,NA
full-year,hunt,age,18-24,2014,participants - recruited,8718,MO,Midwest,NONE,NA
full-year,hunt,age,18-24,2015,participants - recruited,8172,MO,Midwest,NONE,NA
full-year,hunt,age,18-24,2016,participants - recruited,7684,MO,Midwest,NONE,NA
full-year,hunt,age,18-24,2017,participants - recruited,7992,MO,Midwest,NONE,NA
full-year,hunt,age,18-24,2018,participants - recruited,7484,MO,Midwest,NONE,NA
full-year,hunt,age,25-34,2014,participants - recruited,12882,MO,Midwest,NONE,NA
full-year,hunt,age,25-34,2015,participants - recruited,12480,MO,Midwest,NONE,NA
full-year,hunt,age,25-34,2016,participants - recruited,12001,MO,Midwest,NONE,NA
full-year,hunt,age,25-34,2017,participants - recruited,11969,MO,Midwest,NONE,NA
full-year,hunt,age,25-34,2018,participants - recruited,11653,MO,Midwest,NONE,NA
full-year,hunt,age,35-44,2014,participants - recruited,9869,MO,Midwest,NONE,NA
full-year,hunt,age,35-44,2015,participants - recruited,9845,MO,Midwest,NONE,NA
full-year,hunt,age,35-44,2016,participants - recruited,9116,MO,Midwest,NONE,NA
full-year,hunt,age,35-44,2017,participants - recruited,9161,MO,Midwest,NONE,NA
full-year,hunt,age,35-44,2018,participants - recruited,9147,MO,Midwest,NONE,NA
full-year,hunt,age,45-54,2014,participants - recruited,9534,MO,Midwest,NONE,NA
full-year,hunt,age,45-54,2015,participants - recruited,9449,MO,Midwest,NONE,NA
full-year,hunt,age,45-54,2016,participants - recruited,9001,MO,Midwest,NONE,NA
full-year,hunt,age,45-54,2017,participants - recruited,8652,MO,Midwest,NONE,NA
full-year,hunt,age,45-54,2018,participants - recruited,7949,MO,Midwest,NONE,NA
full-year,hunt,age,55-64,2014,participants - recruited,7140,MO,Midwest,NONE,NA
full-year,hunt,age,55-64,2015,participants - recruited,7152,MO,Midwest,NONE,NA
full-year,hunt,age,55-64,2016,participants - recruited,7614,MO,Midwest,NONE,NA
full-year,hunt,age,55-64,2017,participants - recruited,7387,MO,Midwest,NONE,NA
full-year,hunt,age,55-64,2018,participants - recruited,7283,MO,Midwest,NONE,NA
full-year,hunt,all,all,2010,churn,0.206346744767724,MO,Midwest,NONE,NA
full-year,hunt,all,all,2011,churn,0.204699327448885,MO,Midwest,NONE,NA
full-year,hunt,all,all,2012,churn,0.201638966877612,MO,Midwest,NONE,NA
full-year,hunt,all,all,2013,churn,0.205794866637614,MO,Midwest,NONE,NA
full-year,hunt,all,all,2014,churn,0.207768776547998,MO,Midwest,NONE,NA
full-year,hunt,all,all,2015,churn,0.210964501347529,MO,Midwest,NONE,NA
full-year,hunt,all,all,2016,churn,0.220324195662776,MO,Midwest,NONE,NA
full-year,hunt,all,all,2017,churn,0.217576990786255,MO,Midwest,NONE,NA
full-year,hunt,all,all,2018,churn,0.218320571802999,MO,Midwest,NONE,NA
full-year,hunt,residency,resident,2010,churn,0.176942685355188,MO,Midwest,NONE,NA
full-year,hunt,residency,resident,2011,churn,0.176649591847244,MO,Midwest,NONE,NA
full-year,hunt,residency,resident,2012,churn,0.174132272770982,MO,Midwest,NONE,NA
full-year,hunt,residency,resident,2013,churn,0.177731345328564,MO,Midwest,NONE,NA
full-year,hunt,residency,resident,2014,churn,0.180572523187287,MO,Midwest,NONE,NA
full-year,hunt,residency,resident,2015,churn,0.182632937734979,MO,Midwest,NONE,NA
full-year,hunt,residency,resident,2016,churn,0.190135513195098,MO,Midwest,NONE,NA
full-year,hunt,residency,resident,2017,churn,0.186330638172049,MO,Midwest,NONE,NA
full-year,hunt,residency,resident,2018,churn,0.186102603071194,MO,Midwest,NONE,NA
full-year,hunt,residency,nonresident,2010,churn,0.516557477735694,MO,Midwest,NONE,NA
full-year,hunt,residency,nonresident,2011,churn,0.508484928960297,MO,Midwest,NONE,NA
full-year,hunt,residency,nonresident,2012,churn,0.499027003971956,MO,Midwest,NONE,NA
full-year,hunt,residency,nonresident,2013,churn,0.501819495702893,MO,Midwest,NONE,NA
full-year,hunt,residency,nonresident,2014,churn,0.488304683167818,MO,Midwest,NONE,NA
full-year,hunt,residency,nonresident,2015,churn,0.48675188149564,MO,Midwest,NONE,NA
full-year,hunt,residency,nonresident,2016,churn,0.495585438739473,MO,Midwest,NONE,NA
full-year,hunt,residency,nonresident,2017,churn,0.48948582582849,MO,Midwest,NONE,NA
full-year,hunt,residency,nonresident,2018,churn,0.486548343913288,MO,Midwest,NONE,NA
full-year,hunt,gender,male,2010,churn,0.191481268274622,MO,Midwest,NONE,NA
full-year,hunt,gender,male,2011,churn,0.189692485263201,MO,Midwest,NONE,NA
full-year,hunt,gender,male,2012,churn,0.186959200064461,MO,Midwest,NONE,NA
full-year,hunt,gender,male,2013,churn,0.189979052901134,MO,Midwest,NONE,NA
full-year,hunt,gender,male,2014,churn,0.192154700994055,MO,Midwest,NONE,NA
full-year,hunt,gender,male,2015,churn,0.194785236190783,MO,Midwest,NONE,NA
full-year,hunt,gender,male,2016,churn,0.202984362631775,MO,Midwest,NONE,NA
full-year,hunt,gender,male,2017,churn,0.201144699804217,MO,Midwest,NONE,NA
full-year,hunt,gender,male,2018,churn,0.201868611237711,MO,Midwest,NONE,NA
full-year,hunt,gender,female,2010,churn,0.300250608093167,MO,Midwest,NONE,NA
full-year,hunt,gender,female,2011,churn,0.299970952398243,MO,Midwest,NONE,NA
full-year,hunt,gender,female,2012,churn,0.293162378026104,MO,Midwest,NONE,NA
full-year,hunt,gender,female,2013,churn,0.301339285714286,MO,Midwest,NONE,NA
full-year,hunt,gender,female,2014,churn,0.300565156851503,MO,Midwest,NONE,NA
full-year,hunt,gender,female,2015,churn,0.303629738299181,MO,Midwest,NONE,NA
full-year,hunt,gender,female,2016,churn,0.316553047439277,MO,Midwest,NONE,NA
full-year,hunt,gender,female,2017,churn,0.31421383249735,MO,Midwest,NONE,NA
full-year,hunt,gender,female,2018,churn,0.314354412118298,MO,Midwest,NONE,NA
full-year,hunt,age,18-24,2010,churn,0.256144954494121,MO,Midwest,NONE,NA
full-year,hunt,age,18-24,2011,churn,0.25580809776405,MO,Midwest,NONE,NA
full-year,hunt,age,18-24,2012,churn,0.255535547552354,MO,Midwest,NONE,NA
full-year,hunt,age,18-24,2013,churn,0.260606356490748,MO,Midwest,NONE,NA
full-year,hunt,age,18-24,2014,churn,0.266582062938748,MO,Midwest,NONE,NA
full-year,hunt,age,18-24,2015,churn,0.272741837290525,MO,Midwest,NONE,NA
full-year,hunt,age,18-24,2016,churn,0.283116164820328,MO,Midwest,NONE,NA
full-year,hunt,age,18-24,2017,churn,0.277919016752252,MO,Midwest,NONE,NA
full-year,hunt,age,18-24,2018,churn,0.279414271589786,MO,Midwest,NONE,NA
full-year,hunt,age,25-34,2010,churn,0.218868683258121,MO,Midwest,NONE,NA
full-year,hunt,age,25-34,2011,churn,0.218191436675521,MO,Midwest,NONE,NA
full-year,hunt,age,25-34,2012,churn,0.217145790554415,MO,Midwest,NONE,NA
full-year,hunt,age,25-34,2013,churn,0.221197095026,MO,Midwest,NONE,NA
full-year,hunt,age,25-34,2014,churn,0.227165573700227,MO,Midwest,NONE,NA
full-year,hunt,age,25-34,2015,churn,0.232559128355036,MO,Midwest,NONE,NA
full-year,hunt,age,25-34,2016,churn,0.243874674184797,MO,Midwest,NONE,NA
full-year,hunt,age,25-34,2017,churn,0.243237067183181,MO,Midwest,NONE,NA
full-year,hunt,age,25-34,2018,churn,0.243694701235166,MO,Midwest,NONE,NA
full-year,hunt,age,35-44,2010,churn,0.201923365289454,MO,Midwest,NONE,NA
full-year,hunt,age,35-44,2011,churn,0.196999874208562,MO,Midwest,NONE,NA
full-year,hunt,age,35-44,2012,churn,0.19248465427461,MO,Midwest,NONE,NA
full-year,hunt,age,35-44,2013,churn,0.197473810621575,MO,Midwest,NONE,NA
full-year,hunt,age,35-44,2014,churn,0.198565776458952,MO,Midwest,NONE,NA
full-year,hunt,age,35-44,2015,churn,0.201154261057174,MO,Midwest,NONE,NA
full-year,hunt,age,35-44,2016,churn,0.211745631025702,MO,Midwest,NONE,NA
full-year,hunt,age,35-44,2017,churn,0.206544722268837,MO,Midwest,NONE,NA
full-year,hunt,age,35-44,2018,churn,0.206077851382812,MO,Midwest,NONE,NA
full-year,hunt,age,45-54,2010,churn,0.188344107242911,MO,Midwest,NONE,NA
full-year,hunt,age,45-54,2011,churn,0.189437914699975,MO,Midwest,NONE,NA
full-year,hunt,age,45-54,2012,churn,0.185774275942682,MO,Midwest,NONE,NA
full-year,hunt,age,45-54,2013,churn,0.188893982403865,MO,Midwest,NONE,NA
full-year,hunt,age,45-54,2014,churn,0.18926446041077,MO,Midwest,NONE,NA
full-year,hunt,age,45-54,2015,churn,0.189469960717145,MO,Midwest,NONE,NA
full-year,hunt,age,45-54,2016,churn,0.20132677898153,MO,Midwest,NONE,NA
full-year,hunt,age,45-54,2017,churn,0.196077648983501,MO,Midwest,NONE,NA
full-year,hunt,age,45-54,2018,churn,0.197887287297705,MO,Midwest,NONE,NA
full-year,hunt,age,55-64,2010,churn,0.18775599765945,MO,Midwest,NONE,NA
full-year,hunt,age,55-64,2011,churn,0.184281940011237,MO,Midwest,NONE,NA
full-year,hunt,age,55-64,2012,churn,0.178940115844544,MO,Midwest,NONE,NA
full-year,hunt,age,55-64,2013,churn,0.182189403477728,MO,Midwest,NONE,NA
full-year,hunt,age,55-64,2014,churn,0.179196715854876,MO,Midwest,NONE,NA
full-year,hunt,age,55-64,2015,churn,0.182133920096643,MO,Midwest,NONE,NA
full-year,hunt,age,55-64,2016,churn,0.185562664024705,MO,Midwest,NONE,NA
full-year,hunt,age,55-64,2017,churn,0.188509464866994,MO,Midwest,NONE,NA
full-year,hunt,age,55-64,2018,churn,0.18876912021353,MO,Midwest,NONE,NA
full-year,fish,all,all,2010,participants,743577,MO,Midwest,NONE,NA
full-year,fish,all,all,2011,participants,703991,MO,Midwest,NONE,NA
full-year,fish,all,all,2012,participants,744996,MO,Midwest,NONE,NA
full-year,fish,all,all,2013,participants,724753,MO,Midwest,NONE,NA
full-year,fish,all,all,2014,participants,739847,MO,Midwest,NONE,NA
full-year,fish,all,all,2015,participants,712704,MO,Midwest,NONE,NA
full-year,fish,all,all,2016,participants,724642,MO,Midwest,NONE,NA
full-year,fish,all,all,2017,participants,691927,MO,Midwest,NONE,NA
full-year,fish,all,all,2018,participants,664688,MO,Midwest,NONE,NA
full-year,fish,residency,resident,2010,participants,606979,MO,Midwest,NONE,NA
full-year,fish,residency,resident,2011,participants,578670,MO,Midwest,NONE,NA
full-year,fish,residency,resident,2012,participants,615228,MO,Midwest,NONE,NA
full-year,fish,residency,resident,2013,participants,594514,MO,Midwest,NONE,NA
full-year,fish,residency,resident,2014,participants,606102,MO,Midwest,NONE,NA
full-year,fish,residency,resident,2015,participants,580949,MO,Midwest,NONE,NA
full-year,fish,residency,resident,2016,participants,591475,MO,Midwest,NONE,NA
full-year,fish,residency,resident,2017,participants,563347,MO,Midwest,NONE,NA
full-year,fish,residency,resident,2018,participants,540218,MO,Midwest,NONE,NA
full-year,fish,residency,nonresident,2010,participants,136598,MO,Midwest,NONE,NA
full-year,fish,residency,nonresident,2011,participants,125321,MO,Midwest,NONE,NA
full-year,fish,residency,nonresident,2012,participants,129768,MO,Midwest,NONE,NA
full-year,fish,residency,nonresident,2013,participants,130239,MO,Midwest,NONE,NA
full-year,fish,residency,nonresident,2014,participants,133745,MO,Midwest,NONE,NA
full-year,fish,residency,nonresident,2015,participants,131755,MO,Midwest,NONE,NA
full-year,fish,residency,nonresident,2016,participants,133167,MO,Midwest,NONE,NA
full-year,fish,residency,nonresident,2017,participants,128580,MO,Midwest,NONE,NA
full-year,fish,residency,nonresident,2018,participants,124470,MO,Midwest,NONE,NA
full-year,fish,gender,male,2010,participants,556041,MO,Midwest,NONE,NA
full-year,fish,gender,male,2011,participants,527196,MO,Midwest,NONE,NA
full-year,fish,gender,male,2012,participants,550279,MO,Midwest,NONE,NA
full-year,fish,gender,male,2013,participants,535339,MO,Midwest,NONE,NA
full-year,fish,gender,male,2014,participants,540997,MO,Midwest,NONE,NA
full-year,fish,gender,male,2015,participants,522400,MO,Midwest,NONE,NA
full-year,fish,gender,male,2016,participants,535014,MO,Midwest,NONE,NA
full-year,fish,gender,male,2017,participants,512140,MO,Midwest,NONE,NA
full-year,fish,gender,male,2018,participants,490804,MO,Midwest,NONE,NA
full-year,fish,gender,female,2010,participants,187536,MO,Midwest,NONE,NA
full-year,fish,gender,female,2011,participants,176795,MO,Midwest,NONE,NA
full-year,fish,gender,female,2012,participants,194717,MO,Midwest,NONE,NA
full-year,fish,gender,female,2013,participants,189414,MO,Midwest,NONE,NA
full-year,fish,gender,female,2014,participants,198850,MO,Midwest,NONE,NA
full-year,fish,gender,female,2015,participants,190304,MO,Midwest,NONE,NA
full-year,fish,gender,female,2016,participants,189628,MO,Midwest,NONE,NA
full-year,fish,gender,female,2017,participants,179787,MO,Midwest,NONE,NA
full-year,fish,gender,female,2018,participants,173884,MO,Midwest,NONE,NA
full-year,fish,age,18-24,2010,participants,100670,MO,Midwest,NONE,NA
full-year,fish,age,18-24,2011,participants,95979,MO,Midwest,NONE,NA
full-year,fish,age,18-24,2012,participants,105596,MO,Midwest,NONE,NA
full-year,fish,age,18-24,2013,participants,103415,MO,Midwest,NONE,NA
full-year,fish,age,18-24,2014,participants,106999,MO,Midwest,NONE,NA
full-year,fish,age,18-24,2015,participants,101873,MO,Midwest,NONE,NA
full-year,fish,age,18-24,2016,participants,102794,MO,Midwest,NONE,NA
full-year,fish,age,18-24,2017,participants,95539,MO,Midwest,NONE,NA
full-year,fish,age,18-24,2018,participants,89458,MO,Midwest,NONE,NA
full-year,fish,age,25-34,2010,participants,157904,MO,Midwest,NONE,NA
full-year,fish,age,25-34,2011,participants,150684,MO,Midwest,NONE,NA
full-year,fish,age,25-34,2012,participants,161351,MO,Midwest,NONE,NA
full-year,fish,age,25-34,2013,participants,157444,MO,Midwest,NONE,NA
full-year,fish,age,25-34,2014,participants,161828,MO,Midwest,NONE,NA
full-year,fish,age,25-34,2015,participants,155353,MO,Midwest,NONE,NA
full-year,fish,age,25-34,2016,participants,157199,MO,Midwest,NONE,NA
full-year,fish,age,25-34,2017,participants,146847,MO,Midwest,NONE,NA
full-year,fish,age,25-34,2018,participants,138859,MO,Midwest,NONE,NA
full-year,fish,age,35-44,2010,participants,158802,MO,Midwest,NONE,NA
full-year,fish,age,35-44,2011,participants,148092,MO,Midwest,NONE,NA
full-year,fish,age,35-44,2012,participants,155810,MO,Midwest,NONE,NA
full-year,fish,age,35-44,2013,participants,151284,MO,Midwest,NONE,NA
full-year,fish,age,35-44,2014,participants,153648,MO,Midwest,NONE,NA
full-year,fish,age,35-44,2015,participants,147150,MO,Midwest,NONE,NA
full-year,fish,age,35-44,2016,participants,150661,MO,Midwest,NONE,NA
full-year,fish,age,35-44,2017,participants,147003,MO,Midwest,NONE,NA
full-year,fish,age,35-44,2018,participants,143511,MO,Midwest,NONE,NA
full-year,fish,age,45-54,2010,participants,185132,MO,Midwest,NONE,NA
full-year,fish,age,45-54,2011,participants,171960,MO,Midwest,NONE,NA
full-year,fish,age,45-54,2012,participants,176364,MO,Midwest,NONE,NA
full-year,fish,age,45-54,2013,participants,167834,MO,Midwest,NONE,NA
full-year,fish,age,45-54,2014,participants,166680,MO,Midwest,NONE,NA
full-year,fish,age,45-54,2015,participants,157976,MO,Midwest,NONE,NA
full-year,fish,age,45-54,2016,participants,157907,MO,Midwest,NONE,NA
full-year,fish,age,45-54,2017,participants,148402,MO,Midwest,NONE,NA
full-year,fish,age,45-54,2018,participants,139744,MO,Midwest,NONE,NA
full-year,fish,age,55-64,2010,participants,141070,MO,Midwest,NONE,NA
full-year,fish,age,55-64,2011,participants,137277,MO,Midwest,NONE,NA
full-year,fish,age,55-64,2012,participants,145875,MO,Midwest,NONE,NA
full-year,fish,age,55-64,2013,participants,144777,MO,Midwest,NONE,NA
full-year,fish,age,55-64,2014,participants,150691,MO,Midwest,NONE,NA
full-year,fish,age,55-64,2015,participants,150353,MO,Midwest,NONE,NA
full-year,fish,age,55-64,2016,participants,156079,MO,Midwest,NONE,NA
full-year,fish,age,55-64,2017,participants,154135,MO,Midwest,NONE,NA
full-year,fish,age,55-64,2018,participants,153116,MO,Midwest,NONE,NA
full-year,fish,all,all,2014,participants - recruited,170865,MO,Midwest,NONE,NA
full-year,fish,all,all,2015,participants - recruited,161302,MO,Midwest,NONE,NA
full-year,fish,all,all,2016,participants - recruited,173538,MO,Midwest,NONE,NA
full-year,fish,all,all,2017,participants - recruited,161308,MO,Midwest,NONE,NA
full-year,fish,all,all,2018,participants - recruited,146602,MO,Midwest,NONE,NA
full-year,fish,residency,resident,2014,participants - recruited,97112,MO,Midwest,NONE,NA
full-year,fish,residency,resident,2015,participants - recruited,89792,MO,Midwest,NONE,NA
full-year,fish,residency,resident,2016,participants - recruited,99120,MO,Midwest,NONE,NA
full-year,fish,residency,resident,2017,participants - recruited,91104,MO,Midwest,NONE,NA
full-year,fish,residency,resident,2018,participants - recruited,81698,MO,Midwest,NONE,NA
full-year,fish,residency,nonresident,2014,participants - recruited,73753,MO,Midwest,NONE,NA
full-year,fish,residency,nonresident,2015,participants - recruited,71510,MO,Midwest,NONE,NA
full-year,fish,residency,nonresident,2016,participants - recruited,74418,MO,Midwest,NONE,NA
full-year,fish,residency,nonresident,2017,participants - recruited,70204,MO,Midwest,NONE,NA
full-year,fish,residency,nonresident,2018,participants - recruited,64904,MO,Midwest,NONE,NA
full-year,fish,gender,male,2014,participants - recruited,104699,MO,Midwest,NONE,NA
full-year,fish,gender,male,2015,participants - recruited,100246,MO,Midwest,NONE,NA
full-year,fish,gender,male,2016,participants - recruited,118642,MO,Midwest,NONE,NA
full-year,fish,gender,male,2017,participants - recruited,111031,MO,Midwest,NONE,NA
full-year,fish,gender,male,2018,participants - recruited,97701,MO,Midwest,NONE,NA
full-year,fish,gender,female,2014,participants - recruited,66166,MO,Midwest,NONE,NA
full-year,fish,gender,female,2015,participants - recruited,61056,MO,Midwest,NONE,NA
full-year,fish,gender,female,2016,participants - recruited,54896,MO,Midwest,NONE,NA
full-year,fish,gender,female,2017,participants - recruited,50277,MO,Midwest,NONE,NA
full-year,fish,gender,female,2018,participants - recruited,48901,MO,Midwest,NONE,NA
full-year,fish,age,18-24,2014,participants - recruited,36605,MO,Midwest,NONE,NA
full-year,fish,age,18-24,2015,participants - recruited,33272,MO,Midwest,NONE,NA
full-year,fish,age,18-24,2016,participants - recruited,34832,MO,Midwest,NONE,NA
full-year,fish,age,18-24,2017,participants - recruited,31173,MO,Midwest,NONE,NA
full-year,fish,age,18-24,2018,participants - recruited,27626,MO,Midwest,NONE,NA
full-year,fish,age,25-34,2014,participants - recruited,42596,MO,Midwest,NONE,NA
full-year,fish,age,25-34,2015,participants - recruited,40259,MO,Midwest,NONE,NA
full-year,fish,age,25-34,2016,participants - recruited,42332,MO,Midwest,NONE,NA
full-year,fish,age,25-34,2017,participants - recruited,38537,MO,Midwest,NONE,NA
full-year,fish,age,25-34,2018,participants - recruited,34603,MO,Midwest,NONE,NA
full-year,fish,age,35-44,2014,participants - recruited,34595,MO,Midwest,NONE,NA
full-year,fish,age,35-44,2015,participants - recruited,32724,MO,Midwest,NONE,NA
full-year,fish,age,35-44,2016,participants - recruited,35669,MO,Midwest,NONE,NA
full-year,fish,age,35-44,2017,participants - recruited,34471,MO,Midwest,NONE,NA
full-year,fish,age,35-44,2018,participants - recruited,32134,MO,Midwest,NONE,NA
full-year,fish,age,45-54,2014,participants - recruited,31759,MO,Midwest,NONE,NA
full-year,fish,age,45-54,2015,participants - recruited,30052,MO,Midwest,NONE,NA
full-year,fish,age,45-54,2016,participants - recruited,32817,MO,Midwest,NONE,NA
full-year,fish,age,45-54,2017,participants - recruited,30040,MO,Midwest,NONE,NA
full-year,fish,age,45-54,2018,participants - recruited,26882,MO,Midwest,NONE,NA
full-year,fish,age,55-64,2014,participants - recruited,25309,MO,Midwest,NONE,NA
full-year,fish,age,55-64,2015,participants - recruited,24996,MO,Midwest,NONE,NA
full-year,fish,age,55-64,2016,participants - recruited,27886,MO,Midwest,NONE,NA
full-year,fish,age,55-64,2017,participants - recruited,27086,MO,Midwest,NONE,NA
full-year,fish,age,55-64,2018,participants - recruited,25358,MO,Midwest,NONE,NA
full-year,fish,all,all,2010,churn,0.423479829091874,MO,Midwest,NONE,NA
full-year,fish,all,all,2011,churn,0.43188264295426,MO,Midwest,NONE,NA
full-year,fish,all,all,2012,churn,0.400019318428787,MO,Midwest,NONE,NA
full-year,fish,all,all,2013,churn,0.42548819054062,MO,Midwest,NONE,NA
full-year,fish,all,all,2014,churn,0.411232516457331,MO,Midwest,NONE,NA
full-year,fish,all,all,2015,churn,0.430130824346115,MO,Midwest,NONE,NA
full-year,fish,all,all,2016,churn,0.419610385237069,MO,Midwest,NONE,NA
full-year,fish,all,all,2017,churn,0.442766221113322,MO,Midwest,NONE,NA
full-year,fish,all,all,2018,churn,0.433756740234158,MO,Midwest,NONE,NA
full-year,fish,residency,resident,2010,churn,0.364454888497941,MO,Midwest,NONE,NA
full-year,fish,residency,resident,2011,churn,0.373305128027705,MO,Midwest,NONE,NA
full-year,fish,residency,resident,2012,churn,0.34126131045781,MO,Midwest,NONE,NA
full-year,fish,residency,resident,2013,churn,0.370743434120144,MO,Midwest,NONE,NA
full-year,fish,residency,resident,2014,churn,0.352226107755423,MO,Midwest,NONE,NA
full-year,fish,residency,resident,2015,churn,0.374301685194901,MO,Midwest,NONE,NA
full-year,fish,residency,resident,2016,churn,0.360793332208723,MO,Midwest,NONE,NA
full-year,fish,residency,resident,2017,churn,0.388388351156008,MO,Midwest,NONE,NA
full-year,fish,residency,resident,2018,churn,0.37929730698841,MO,Midwest,NONE,NA
full-year,fish,residency,nonresident,2010,churn,0.685965196447812,MO,Midwest,NONE,NA
full-year,fish,residency,nonresident,2011,churn,0.692169724300502,MO,Midwest,NONE,NA
full-year,fish,residency,nonresident,2012,churn,0.67132141717204,MO,Midwest,NONE,NA
full-year,fish,residency,nonresident,2013,churn,0.685022501695333,MO,Midwest,NONE,NA
full-year,fish,residency,nonresident,2014,churn,0.680579549904406,MO,Midwest,NONE,NA
full-year,fish,residency,nonresident,2015,churn,0.683135818161427,MO,Midwest,NONE,NA
full-year,fish,residency,nonresident,2016,churn,0.67891433212147,MO,Midwest,NONE,NA
full-year,fish,residency,nonresident,2017,churn,0.684291153213634,MO,Midwest,NONE,NA
full-year,fish,residency,nonresident,2018,churn,0.672359620469746,MO,Midwest,NONE,NA
full-year,fish,gender,male,2010,churn,0.352891154859256,MO,Midwest,NONE,NA
full-year,fish,gender,male,2011,churn,0.361331740759783,MO,Midwest,NONE,NA
full-year,fish,gender,male,2012,churn,0.333293113144844,MO,Midwest,NONE,NA
full-year,fish,gender,male,2013,churn,0.358301759424373,MO,Midwest,NONE,NA
full-year,fish,gender,male,2014,churn,0.344026406355537,MO,Midwest,NONE,NA
full-year,fish,gender,male,2015,churn,0.360884981079276,MO,Midwest,NONE,NA
full-year,fish,gender,male,2016,churn,0.350577082884491,MO,Midwest,NONE,NA
full-year,fish,gender,male,2017,churn,0.413290843408605,MO,Midwest,NONE,NA
full-year,fish,gender,male,2018,churn,0.405309598650556,MO,Midwest,NONE,NA
full-year,fish,gender,female,2010,churn,0.476269441584819,MO,Midwest,NONE,NA
full-year,fish,gender,female,2011,churn,0.486880314385574,MO,Midwest,NONE,NA
full-year,fish,gender,female,2012,churn,0.45063636973478,MO,Midwest,NONE,NA
full-year,fish,gender,female,2013,churn,0.484462529222355,MO,Midwest,NONE,NA
full-year,fish,gender,female,2014,churn,0.460985171297085,MO,Midwest,NONE,NA
full-year,fish,gender,female,2015,churn,0.487801449118633,MO,Midwest,NONE,NA
full-year,fish,gender,female,2016,churn,0.473101987709881,MO,Midwest,NONE,NA
full-year,fish,gender,female,2017,churn,0.509212640885866,MO,Midwest,NONE,NA
full-year,fish,gender,female,2018,churn,0.502890303047293,MO,Midwest,NONE,NA
full-year,fish,age,18-24,2010,churn,0.515284635145588,MO,Midwest,NONE,NA
full-year,fish,age,18-24,2011,churn,0.525057366219988,MO,Midwest,NONE,NA
full-year,fish,age,18-24,2012,churn,0.48888286899081,MO,Midwest,NONE,NA
full-year,fish,age,18-24,2013,churn,0.511870827217198,MO,Midwest,NONE,NA
full-year,fish,age,18-24,2014,churn,0.498404471348173,MO,Midwest,NONE,NA
full-year,fish,age,18-24,2015,churn,0.517271350866371,MO,Midwest,NONE,NA
full-year,fish,age,18-24,2016,churn,0.507470158630438,MO,Midwest,NONE,NA
full-year,fish,age,18-24,2017,churn,0.536490456641438,MO,Midwest,NONE,NA
full-year,fish,age,18-24,2018,churn,0.528292407209697,MO,Midwest,NONE,NA
full-year,fish,age,25-34,2010,churn,0.462481515343032,MO,Midwest,NONE,NA
full-year,fish,age,25-34,2011,churn,0.471605985953402,MO,Midwest,NONE,NA
full-year,fish,age,25-34,2012,churn,0.436973228388261,MO,Midwest,NONE,NA
full-year,fish,age,25-34,2013,churn,0.465007747133561,MO,Midwest,NONE,NA
full-year,fish,age,25-34,2014,churn,0.449409941438752,MO,Midwest,NONE,NA
full-year,fish,age,25-34,2015,churn,0.471555868649043,MO,Midwest,NONE,NA
full-year,fish,age,25-34,2016,churn,0.46231437197057,MO,Midwest,NONE,NA
full-year,fish,age,25-34,2017,churn,0.489099803433864,MO,Midwest,NONE,NA
full-year,fish,age,25-34,2018,churn,0.478119935170178,MO,Midwest,NONE,NA
full-year,fish,age,35-44,2010,churn,0.423143767784658,MO,Midwest,NONE,NA
full-year,fish,age,35-44,2011,churn,0.433700039672294,MO,Midwest,NONE,NA
full-year,fish,age,35-44,2012,churn,0.405530420690121,MO,Midwest,NONE,NA
full-year,fish,age,35-44,2013,churn,0.428762138259022,MO,Midwest,NONE,NA
full-year,fish,age,35-44,2014,churn,0.416044208828545,MO,Midwest,NONE,NA
full-year,fish,age,35-44,2015,churn,0.436900407430067,MO,Midwest,NONE,NA
full-year,fish,age,35-44,2016,churn,0.423702666702911,MO,Midwest,NONE,NA
full-year,fish,age,35-44,2017,churn,0.445490206490067,MO,Midwest,NONE,NA
full-year,fish,age,35-44,2018,churn,0.440912368539204,MO,Midwest,NONE,NA
full-year,fish,age,45-54,2010,churn,0.384647741379487,MO,Midwest,NONE,NA
full-year,fish,age,45-54,2011,churn,0.39291636732908,MO,Midwest,NONE,NA
full-year,fish,age,45-54,2012,churn,0.362181462915363,MO,Midwest,NONE,NA
full-year,fish,age,45-54,2013,churn,0.388256040099114,MO,Midwest,NONE,NA
full-year,fish,age,45-54,2014,churn,0.376704085037418,MO,Midwest,NONE,NA
full-year,fish,age,45-54,2015,churn,0.393195262722135,MO,Midwest,NONE,NA
full-year,fish,age,45-54,2016,churn,0.384107511362629,MO,Midwest,NONE,NA
full-year,fish,age,45-54,2017,churn,0.407404358261508,MO,Midwest,NONE,NA
full-year,fish,age,45-54,2018,churn,0.399377362686235,MO,Midwest,NONE,NA
full-year,fish,age,55-64,2010,churn,0.36436288922739,MO,Midwest,NONE,NA
full-year,fish,age,55-64,2011,churn,0.370017509162183,MO,Midwest,NONE,NA
full-year,fish,age,55-64,2012,churn,0.338750682935713,MO,Midwest,NONE,NA
full-year,fish,age,55-64,2013,churn,0.360749688086979,MO,Midwest,NONE,NA
full-year,fish,age,55-64,2014,churn,0.342420998100501,MO,Midwest,NONE,NA
full-year,fish,age,55-64,2015,churn,0.357696978545216,MO,Midwest,NONE,NA
full-year,fish,age,55-64,2016,churn,0.349222818604466,MO,Midwest,NONE,NA
full-year,fish,age,55-64,2017,churn,0.367512605795783,MO,Midwest,NONE,NA
full-year,fish,age,55-64,2018,churn,0.35914853309458,MO,Midwest,NONE,NA
full-year,all_sports,all,all,2010,participants,948358,MO,Midwest,NONE,NA
full-year,all_sports,all,all,2011,participants,912665,MO,Midwest,NONE,NA
full-year,all_sports,all,all,2012,participants,948372,MO,Midwest,NONE,NA
full-year,all_sports,all,all,2013,participants,932038,MO,Midwest,NONE,NA
full-year,all_sports,all,all,2014,participants,946388,MO,Midwest,NONE,NA
full-year,all_sports,all,all,2015,participants,922053,MO,Midwest,NONE,NA
full-year,all_sports,all,all,2016,participants,925168,MO,Midwest,NONE,NA
full-year,all_sports,all,all,2017,participants,896291,MO,Midwest,NONE,NA
full-year,all_sports,all,all,2018,participants,863874,MO,Midwest,NONE,NA
full-year,all_sports,residency,resident,2010,participants,777930,MO,Midwest,NONE,NA
full-year,all_sports,residency,resident,2011,participants,753551,MO,Midwest,NONE,NA
full-year,all_sports,residency,resident,2012,participants,783750,MO,Midwest,NONE,NA
full-year,all_sports,residency,resident,2013,participants,765883,MO,Midwest,NONE,NA
full-year,all_sports,residency,resident,2014,participants,774809,MO,Midwest,NONE,NA
full-year,all_sports,residency,resident,2015,participants,750234,MO,Midwest,NONE,NA
full-year,all_sports,residency,resident,2016,participants,750892,MO,Midwest,NONE,NA
full-year,all_sports,residency,resident,2017,participants,725394,MO,Midwest,NONE,NA
full-year,all_sports,residency,resident,2018,participants,696400,MO,Midwest,NONE,NA
full-year,all_sports,residency,nonresident,2010,participants,170428,MO,Midwest,NONE,NA
full-year,all_sports,residency,nonresident,2011,participants,159114,MO,Midwest,NONE,NA
full-year,all_sports,residency,nonresident,2012,participants,164622,MO,Midwest,NONE,NA
full-year,all_sports,residency,nonresident,2013,participants,166155,MO,Midwest,NONE,NA
full-year,all_sports,residency,nonresident,2014,participants,171579,MO,Midwest,NONE,NA
full-year,all_sports,residency,nonresident,2015,participants,171819,MO,Midwest,NONE,NA
full-year,all_sports,residency,nonresident,2016,participants,174276,MO,Midwest,NONE,NA
full-year,all_sports,residency,nonresident,2017,participants,170897,MO,Midwest,NONE,NA
full-year,all_sports,residency,nonresident,2018,participants,167474,MO,Midwest,NONE,NA
full-year,all_sports,gender,male,2010,participants,728432,MO,Midwest,NONE,NA
full-year,all_sports,gender,male,2011,participants,701984,MO,Midwest,NONE,NA
full-year,all_sports,gender,male,2012,participants,719471,MO,Midwest,NONE,NA
full-year,all_sports,gender,male,2013,participants,707472,MO,Midwest,NONE,NA
full-year,all_sports,gender,male,2014,participants,711445,MO,Midwest,NONE,NA
full-year,all_sports,gender,male,2015,participants,695010,MO,Midwest,NONE,NA
full-year,all_sports,gender,male,2016,participants,699334,MO,Midwest,NONE,NA
full-year,all_sports,gender,male,2017,participants,680125,MO,Midwest,NONE,NA
full-year,all_sports,gender,male,2018,participants,654968,MO,Midwest,NONE,NA
full-year,all_sports,gender,female,2010,participants,219926,MO,Midwest,NONE,NA
full-year,all_sports,gender,female,2011,participants,210681,MO,Midwest,NONE,NA
full-year,all_sports,gender,female,2012,participants,228901,MO,Midwest,NONE,NA
full-year,all_sports,gender,female,2013,participants,224566,MO,Midwest,NONE,NA
full-year,all_sports,gender,female,2014,participants,234943,MO,Midwest,NONE,NA
full-year,all_sports,gender,female,2015,participants,227043,MO,Midwest,NONE,NA
full-year,all_sports,gender,female,2016,participants,225834,MO,Midwest,NONE,NA
full-year,all_sports,gender,female,2017,participants,216166,MO,Midwest,NONE,NA
full-year,all_sports,gender,female,2018,participants,208906,MO,Midwest,NONE,NA
full-year,all_sports,age,18-24,2010,participants,129691,MO,Midwest,NONE,NA
full-year,all_sports,age,18-24,2011,participants,125893,MO,Midwest,NONE,NA
full-year,all_sports,age,18-24,2012,participants,134415,MO,Midwest,NONE,NA
full-year,all_sports,age,18-24,2013,participants,132987,MO,Midwest,NONE,NA
full-year,all_sports,age,18-24,2014,participants,136238,MO,Midwest,NONE,NA
full-year,all_sports,age,18-24,2015,participants,131339,MO,Midwest,NONE,NA
full-year,all_sports,age,18-24,2016,participants,130805,MO,Midwest,NONE,NA
full-year,all_sports,age,18-24,2017,participants,124272,MO,Midwest,NONE,NA
full-year,all_sports,age,18-24,2018,participants,117443,MO,Midwest,NONE,NA
full-year,all_sports,age,25-34,2010,participants,198234,MO,Midwest,NONE,NA
full-year,all_sports,age,25-34,2011,participants,192844,MO,Midwest,NONE,NA
full-year,all_sports,age,25-34,2012,participants,202433,MO,Midwest,NONE,NA
full-year,all_sports,age,25-34,2013,participants,200414,MO,Midwest,NONE,NA
full-year,all_sports,age,25-34,2014,participants,205097,MO,Midwest,NONE,NA
full-year,all_sports,age,25-34,2015,participants,199528,MO,Midwest,NONE,NA
full-year,all_sports,age,25-34,2016,participants,199720,MO,Midwest,NONE,NA
full-year,all_sports,age,25-34,2017,participants,190821,MO,Midwest,NONE,NA
full-year,all_sports,age,25-34,2018,participants,182152,MO,Midwest,NONE,NA
full-year,all_sports,age,35-44,2010,participants,202272,MO,Midwest,NONE,NA
full-year,all_sports,age,35-44,2011,participants,191198,MO,Midwest,NONE,NA
full-year,all_sports,age,35-44,2012,participants,198111,MO,Midwest,NONE,NA
full-year,all_sports,age,35-44,2013,participants,194037,MO,Midwest,NONE,NA
full-year,all_sports,age,35-44,2014,participants,196241,MO,Midwest,NONE,NA
full-year,all_sports,age,35-44,2015,participants,190461,MO,Midwest,NONE,NA
full-year,all_sports,age,35-44,2016,participants,191603,MO,Midwest,NONE,NA
full-year,all_sports,age,35-44,2017,participants,188840,MO,Midwest,NONE,NA
full-year,all_sports,age,35-44,2018,participants,184933,MO,Midwest,NONE,NA
full-year,all_sports,age,45-54,2010,participants,239510,MO,Midwest,NONE,NA
full-year,all_sports,age,45-54,2011,participants,226263,MO,Midwest,NONE,NA
full-year,all_sports,age,45-54,2012,participants,228356,MO,Midwest,NONE,NA
full-year,all_sports,age,45-54,2013,participants,219253,MO,Midwest,NONE,NA
full-year,all_sports,age,45-54,2014,participants,216833,MO,Midwest,NONE,NA
full-year,all_sports,age,45-54,2015,participants,207693,MO,Midwest,NONE,NA
full-year,all_sports,age,45-54,2016,participants,204328,MO,Midwest,NONE,NA
full-year,all_sports,age,45-54,2017,participants,194206,MO,Midwest,NONE,NA
full-year,all_sports,age,45-54,2018,participants,182638,MO,Midwest,NONE,NA
full-year,all_sports,age,55-64,2010,participants,178652,MO,Midwest,NONE,NA
full-year,all_sports,age,55-64,2011,participants,176466,MO,Midwest,NONE,NA
full-year,all_sports,age,55-64,2012,participants,185057,MO,Midwest,NONE,NA
full-year,all_sports,age,55-64,2013,participants,185346,MO,Midwest,NONE,NA
full-year,all_sports,age,55-64,2014,participants,191979,MO,Midwest,NONE,NA
full-year,all_sports,age,55-64,2015,participants,193031,MO,Midwest,NONE,NA
full-year,all_sports,age,55-64,2016,participants,198711,MO,Midwest,NONE,NA
full-year,all_sports,age,55-64,2017,participants,198152,MO,Midwest,NONE,NA
full-year,all_sports,age,55-64,2018,participants,196709,MO,Midwest,NONE,NA
full-year,all_sports,all,all,2014,participants - recruited,179942,MO,Midwest,NONE,NA
full-year,all_sports,all,all,2015,participants - recruited,170922,MO,Midwest,NONE,NA
full-year,all_sports,all,all,2016,participants - recruited,182161,MO,Midwest,NONE,NA
full-year,all_sports,all,all,2017,participants - recruited,171359,MO,Midwest,NONE,NA
full-year,all_sports,all,all,2018,participants - recruited,156689,MO,Midwest,NONE,NA
full-year,all_sports,residency,resident,2014,participants - recruited,93263,MO,Midwest,NONE,NA
full-year,all_sports,residency,resident,2015,participants - recruited,85583,MO,Midwest,NONE,NA
full-year,all_sports,residency,resident,2016,participants - recruited,93766,MO,Midwest,NONE,NA
full-year,all_sports,residency,resident,2017,participants - recruited,86967,MO,Midwest,NONE,NA
full-year,all_sports,residency,resident,2018,participants - recruited,77769,MO,Midwest,NONE,NA
full-year,all_sports,residency,nonresident,2014,participants - recruited,86679,MO,Midwest,NONE,NA
full-year,all_sports,residency,nonresident,2015,participants - recruited,85339,MO,Midwest,NONE,NA
full-year,all_sports,residency,nonresident,2016,participants - recruited,88395,MO,Midwest,NONE,NA
full-year,all_sports,residency,nonresident,2017,participants - recruited,84392,MO,Midwest,NONE,NA
full-year,all_sports,residency,nonresident,2018,participants - recruited,78920,MO,Midwest,NONE,NA
full-year,all_sports,gender,male,2014,participants - recruited,113217,MO,Midwest,NONE,NA
full-year,all_sports,gender,male,2015,participants - recruited,109562,MO,Midwest,NONE,NA
full-year,all_sports,gender,male,2016,participants - recruited,126672,MO,Midwest,NONE,NA
full-year,all_sports,gender,male,2017,participants - recruited,120243,MO,Midwest,NONE,NA
full-year,all_sports,gender,male,2018,participants - recruited,107098,MO,Midwest,NONE,NA
full-year,all_sports,gender,female,2014,participants - recruited,66725,MO,Midwest,NONE,NA
full-year,all_sports,gender,female,2015,participants - recruited,61360,MO,Midwest,NONE,NA
full-year,all_sports,gender,female,2016,participants - recruited,55489,MO,Midwest,NONE,NA
full-year,all_sports,gender,female,2017,participants - recruited,51116,MO,Midwest,NONE,NA
full-year,all_sports,gender,female,2018,participants - recruited,49591,MO,Midwest,NONE,NA
full-year,all_sports,age,18-24,2014,participants - recruited,36111,MO,Midwest,NONE,NA
full-year,all_sports,age,18-24,2015,participants - recruited,32996,MO,Midwest,NONE,NA
full-year,all_sports,age,18-24,2016,participants - recruited,34446,MO,Midwest,NONE,NA
full-year,all_sports,age,18-24,2017,participants - recruited,31637,MO,Midwest,NONE,NA
full-year,all_sports,age,18-24,2018,participants - recruited,28117,MO,Midwest,NONE,NA
full-year,all_sports,age,25-34,2014,participants - recruited,45578,MO,Midwest,NONE,NA
full-year,all_sports,age,25-34,2015,participants - recruited,43241,MO,Midwest,NONE,NA
full-year,all_sports,age,25-34,2016,participants - recruited,45347,MO,Midwest,NONE,NA
full-year,all_sports,age,25-34,2017,participants - recruited,41945,MO,Midwest,NONE,NA
full-year,all_sports,age,25-34,2018,participants - recruited,38099,MO,Midwest,NONE,NA
full-year,all_sports,age,35-44,2014,participants - recruited,37080,MO,Midwest,NONE,NA
full-year,all_sports,age,35-44,2015,participants - recruited,35464,MO,Midwest,NONE,NA
full-year,all_sports,age,35-44,2016,participants - recruited,37801,MO,Midwest,NONE,NA
full-year,all_sports,age,35-44,2017,participants - recruited,36850,MO,Midwest,NONE,NA
full-year,all_sports,age,35-44,2018,participants - recruited,34579,MO,Midwest,NONE,NA
full-year,all_sports,age,45-54,2014,participants - recruited,34239,MO,Midwest,NONE,NA
full-year,all_sports,age,45-54,2015,participants - recruited,32611,MO,Midwest,NONE,NA
full-year,all_sports,age,45-54,2016,participants - recruited,35046,MO,Midwest,NONE,NA
full-year,all_sports,age,45-54,2017,participants - recruited,32451,MO,Midwest,NONE,NA
full-year,all_sports,age,45-54,2018,participants - recruited,28988,MO,Midwest,NONE,NA
full-year,all_sports,age,55-64,2014,participants - recruited,26934,MO,Midwest,NONE,NA
full-year,all_sports,age,55-64,2015,participants - recruited,26611,MO,Midwest,NONE,NA
full-year,all_sports,age,55-64,2016,participants - recruited,29520,MO,Midwest,NONE,NA
full-year,all_sports,age,55-64,2017,participants - recruited,28476,MO,Midwest,NONE,NA
full-year,all_sports,age,55-64,2018,participants - recruited,26907,MO,Midwest,NONE,NA
full-year,all_sports,all,all,2010,churn,0.342542842222224,MO,Midwest,NONE,NA
full-year,all_sports,all,all,2011,churn,0.345964287747876,MO,Midwest,NONE,NA
full-year,all_sports,all,all,2012,churn,0.321282179112819,MO,Midwest,NONE,NA
full-year,all_sports,all,all,2013,churn,0.341988164981673,MO,Midwest,NONE,NA
full-year,all_sports,all,all,2014,churn,0.331289067613122,MO,Midwest,NONE,NA
full-year,all_sports,all,all,2015,churn,0.346663313566952,MO,Midwest,NONE,NA
full-year,all_sports,all,all,2016,churn,0.342856647069095,MO,Midwest,NONE,NA
full-year,all_sports,all,all,2017,churn,0.357858248447849,MO,Midwest,NONE,NA
full-year,all_sports,all,all,2018,churn,0.353607254786671,MO,Midwest,NONE,NA
full-year,all_sports,residency,resident,2010,churn,0.275111868740677,MO,Midwest,NONE,NA
full-year,all_sports,residency,resident,2011,churn,0.279340402530308,MO,Midwest,NONE,NA
full-year,all_sports,residency,resident,2012,churn,0.256280613470392,MO,Midwest,NONE,NA
full-year,all_sports,residency,resident,2013,churn,0.279312993462184,MO,Midwest,NONE,NA
full-year,all_sports,residency,resident,2014,churn,0.265837643184777,MO,Midwest,NONE,NA
full-year,all_sports,residency,resident,2015,churn,0.283154385543755,MO,Midwest,NONE,NA
full-year,all_sports,residency,resident,2016,churn,0.2771238989955,MO,Midwest,NONE,NA
full-year,all_sports,residency,resident,2017,churn,0.294240716374658,MO,Midwest,NONE,NA
full-year,all_sports,residency,resident,2018,churn,0.290868135110023,MO,Midwest,NONE,NA
full-year,all_sports,residency,nonresident,2010,churn,0.646688981364212,MO,Midwest,NONE,NA
full-year,all_sports,residency,nonresident,2011,churn,0.650069237449245,MO,Midwest,NONE,NA
full-year,all_sports,residency,nonresident,2012,churn,0.629112643215828,MO,Midwest,NONE,NA
full-year,all_sports,residency,nonresident,2013,churn,0.640370059894789,MO,Midwest,NONE,NA
full-year,all_sports,residency,nonresident,2014,churn,0.632975233968283,MO,Midwest,NONE,NA
full-year,all_sports,residency,nonresident,2015,churn,0.633445817961405,MO,Midwest,NONE,NA
full-year,all_sports,residency,nonresident,2016,churn,0.629827083466712,MO,Midwest,NONE,NA
full-year,all_sports,residency,nonresident,2017,churn,0.631963093024857,MO,Midwest,NONE,NA
full-year,all_sports,residency,nonresident,2018,churn,0.619911408626249,MO,Midwest,NONE,NA
full-year,all_sports,gender,male,2010,churn,0.270542535655415,MO,Midwest,NONE,NA
full-year,all_sports,gender,male,2011,churn,0.274373003610924,MO,Midwest,NONE,NA
full-year,all_sports,gender,male,2012,churn,0.255846110602337,MO,Midwest,NONE,NA
full-year,all_sports,gender,male,2013,churn,0.274145437430134,MO,Midwest,NONE,NA
full-year,all_sports,gender,male,2014,churn,0.265121927843635,MO,Midwest,NONE,NA
full-year,all_sports,gender,male,2015,churn,0.277839545035773,MO,Midwest,NONE,NA
full-year,all_sports,gender,male,2016,churn,0.276325963283938,MO,Midwest,NONE,NA
full-year,all_sports,gender,male,2017,churn,0.323365757686941,MO,Midwest,NONE,NA
full-year,all_sports,gender,male,2018,churn,0.321275735941726,MO,Midwest,NONE,NA
full-year,all_sports,gender,female,2010,churn,0.422990090966627,MO,Midwest,NONE,NA
full-year,all_sports,gender,female,2011,churn,0.428592256365147,MO,Midwest,NONE,NA
full-year,all_sports,gender,female,2012,churn,0.396046284454023,MO,Midwest,NONE,NA
full-year,all_sports,gender,female,2013,churn,0.425528767249948,MO,Midwest,NONE,NA
full-year,all_sports,gender,female,2014,churn,0.403648732803684,MO,Midwest,NONE,NA
full-year,all_sports,gender,female,2015,churn,0.426449908958157,MO,Midwest,NONE,NA
full-year,all_sports,gender,female,2016,churn,0.416263270231436,MO,Midwest,NONE,NA
full-year,all_sports,gender,female,2017,churn,0.447767002451287,MO,Midwest,NONE,NA
full-year,all_sports,gender,female,2018,churn,0.443679092382496,MO,Midwest,NONE,NA
full-year,all_sports,age,18-24,2010,churn,0.413003649251378,MO,Midwest,NONE,NA
full-year,all_sports,age,18-24,2011,churn,0.415984270182743,MO,Midwest,NONE,NA
full-year,all_sports,age,18-24,2012,churn,0.388904775521876,MO,Midwest,NONE,NA
full-year,all_sports,age,18-24,2013,churn,0.411184846816552,MO,Midwest,NONE,NA
full-year,all_sports,age,18-24,2014,churn,0.401365557276706,MO,Midwest,NONE,NA
full-year,all_sports,age,18-24,2015,churn,0.41982603589386,MO,Midwest,NONE,NA
full-year,all_sports,age,18-24,2016,churn,0.415808188096271,MO,Midwest,NONE,NA
full-year,all_sports,age,18-24,2017,churn,0.436867374086419,MO,Midwest,NONE,NA
full-year,all_sports,age,18-24,2018,churn,0.430690240703036,MO,Midwest,NONE,NA
full-year,all_sports,age,25-34,2010,churn,0.376229257059271,MO,Midwest,NONE,NA
full-year,all_sports,age,25-34,2011,churn,0.379876206282506,MO,Midwest,NONE,NA
full-year,all_sports,age,25-34,2012,churn,0.353548500845252,MO,Midwest,NONE,NA
full-year,all_sports,age,25-34,2013,churn,0.376177561737086,MO,Midwest,NONE,NA
full-year,all_sports,age,25-34,2014,churn,0.363840488593497,MO,Midwest,NONE,NA
full-year,all_sports,age,25-34,2015,churn,0.382207096292901,MO,Midwest,NONE,NA
full-year,all_sports,age,25-34,2016,churn,0.379098463358159,MO,Midwest,NONE,NA
full-year,all_sports,age,25-34,2017,churn,0.397158006999835,MO,Midwest,NONE,NA
full-year,all_sports,age,25-34,2018,churn,0.389691045832132,MO,Midwest,NONE,NA
full-year,all_sports,age,35-44,2010,churn,0.341134980659585,MO,Midwest,NONE,NA
full-year,all_sports,age,35-44,2011,churn,0.345190363423328,MO,Midwest,NONE,NA
full-year,all_sports,age,35-44,2012,churn,0.322606121466976,MO,Midwest,NONE,NA
full-year,all_sports,age,35-44,2013,churn,0.342513464809776,MO,Midwest,NONE,NA
full-year,all_sports,age,35-44,2014,churn,0.33245548483521,MO,Midwest,NONE,NA
full-year,all_sports,age,35-44,2015,churn,0.348685518021576,MO,Midwest,NONE,NA
full-year,all_sports,age,35-44,2016,churn,0.343386240608215,MO,Midwest,NONE,NA
full-year,all_sports,age,35-44,2017,churn,0.358133004874688,MO,Midwest,NONE,NA
full-year,all_sports,age,35-44,2018,churn,0.357560479600051,MO,Midwest,NONE,NA
full-year,all_sports,age,45-54,2010,churn,0.308776867034638,MO,Midwest,NONE,NA
full-year,all_sports,age,45-54,2011,churn,0.313098881461657,MO,Midwest,NONE,NA
full-year,all_sports,age,45-54,2012,churn,0.28886551372088,MO,Midwest,NONE,NA
full-year,all_sports,age,45-54,2013,churn,0.308783730523661,MO,Midwest,NONE,NA
full-year,all_sports,age,45-54,2014,churn,0.300409120140843,MO,Midwest,NONE,NA
full-year,all_sports,age,45-54,2015,churn,0.313103874481735,MO,Midwest,NONE,NA
full-year,all_sports,age,45-54,2016,churn,0.312363077841601,MO,Midwest,NONE,NA
full-year,all_sports,age,45-54,2017,churn,0.32555168920407,MO,Midwest,NONE,NA
full-year,all_sports,age,45-54,2018,churn,0.323425511097379,MO,Midwest,NONE,NA
full-year,all_sports,age,55-64,2010,churn,0.300090799884949,MO,Midwest,NONE,NA
full-year,all_sports,age,55-64,2011,churn,0.302438833255901,MO,Midwest,NONE,NA
full-year,all_sports,age,55-64,2012,churn,0.277886707770424,MO,Midwest,NONE,NA
full-year,all_sports,age,55-64,2013,churn,0.294717786603983,MO,Midwest,NONE,NA
full-year,all_sports,age,55-64,2014,churn,0.281098929558011,MO,Midwest,NONE,NA
full-year,all_sports,age,55-64,2015,churn,0.292574553978383,MO,Midwest,NONE,NA
full-year,all_sports,age,55-64,2016,churn,0.288008537577255,MO,Midwest,NONE,NA
full-year,all_sports,age,55-64,2017,churn,0.29928539077047,MO,Midwest,NONE,NA
full-year,all_sports,age,55-64,2018,churn,0.296136472607061,MO,Midwest,NONE,NA
full-year,all_sports,age,18-24,2010,participation rate,0.18619426003394032,MO,Midwest,NONE,NA
full-year,all_sports,age,18-24,2011,participation rate,0.182232733938094,MO,Midwest,NONE,NA
full-year,all_sports,age,18-24,2012,participation rate,0.19413936501948104,MO,Midwest,NONE,NA
full-year,all_sports,age,18-24,2013,participation rate,0.18992095932619224,MO,Midwest,NONE,NA
full-year,all_sports,age,18-24,2014,participation rate,0.19275101978551895,MO,Midwest,NONE,NA
full-year,all_sports,age,18-24,2015,participation rate,0.18410672182513987,MO,Midwest,NONE,NA
full-year,all_sports,age,18-24,2016,participation rate,0.18296072245543202,MO,Midwest,NONE,NA
full-year,all_sports,age,18-24,2017,participation rate,0.17409942005875828,MO,Midwest,NONE,NA
full-year,all_sports,age,18-24,2018,participation rate,0.16411247203085122,MO,Midwest,NONE,NA
full-year,all_sports,age,25-34,2010,participation rate,0.21493586431985606,MO,Midwest,NONE,NA
full-year,all_sports,age,25-34,2011,participation rate,0.20752730209854933,MO,Midwest,NONE,NA
full-year,all_sports,age,25-34,2012,participation rate,0.21579555141085038,MO,Midwest,NONE,NA
full-year,all_sports,age,25-34,2013,participation rate,0.21031794767614678,MO,Midwest,NONE,NA
full-year,all_sports,age,25-34,2014,participation rate,0.21216423759868938,MO,Midwest,NONE,NA
full-year,all_sports,age,25-34,2015,participation rate,0.20399971787931492,MO,Midwest,NONE,NA
full-year,all_sports,age,25-34,2016,participation rate,0.20344149301952413,MO,Midwest,NONE,NA
full-year,all_sports,age,25-34,2017,participation rate,0.19219404040533744,MO,Midwest,NONE,NA
full-year,all_sports,age,25-34,2018,participation rate,0.18191029897033537,MO,Midwest,NONE,NA
full-year,all_sports,age,35-44,2010,participation rate,0.20953151346605609,MO,Midwest,NONE,NA
full-year,all_sports,age,35-44,2011,participation rate,0.20292963246921958,MO,Midwest,NONE,NA
full-year,all_sports,age,35-44,2012,participation rate,0.21470756541851743,MO,Midwest,NONE,NA
full-year,all_sports,age,35-44,2013,participation rate,0.2122109444545806,MO,Midwest,NONE,NA
full-year,all_sports,age,35-44,2014,participation rate,0.21567787290939663,MO,Midwest,NONE,NA
full-year,all_sports,age,35-44,2015,participation rate,0.2090972330134614,MO,Midwest,NONE,NA
full-year,all_sports,age,35-44,2016,participation rate,0.2102241588350361,MO,Midwest,NONE,NA
full-year,all_sports,age,35-44,2017,participation rate,0.20635853433716914,MO,Midwest,NONE,NA
full-year,all_sports,age,35-44,2018,participation rate,0.20074484472417325,MO,Midwest,NONE,NA
full-year,all_sports,age,45-54,2010,participation rate,0.2195874531713104,MO,Midwest,NONE,NA
full-year,all_sports,age,45-54,2011,participation rate,0.20937565216479112,MO,Midwest,NONE,NA
full-year,all_sports,age,45-54,2012,participation rate,0.21230885905897978,MO,Midwest,NONE,NA
full-year,all_sports,age,45-54,2013,participation rate,0.20477172080730563,MO,Midwest,NONE,NA
full-year,all_sports,age,45-54,2014,participation rate,0.20546392745266195,MO,Midwest,NONE,NA
full-year,all_sports,age,45-54,2015,participation rate,0.19941561360651686,MO,Midwest,NONE,NA
full-year,all_sports,age,45-54,2016,participation rate,0.19938216617212176,MO,Midwest,NONE,NA
full-year,all_sports,age,45-54,2017,participation rate,0.1924061885192218,MO,Midwest,NONE,NA
full-year,all_sports,age,45-54,2018,participation rate,0.1792444119027721,MO,Midwest,NONE,NA
full-year,all_sports,age,55-64,2010,participation rate,0.20620574773436454,MO,Midwest,NONE,NA
full-year,all_sports,age,55-64,2011,participation rate,0.19969239854921253,MO,Midwest,NONE,NA
full-year,all_sports,age,55-64,2012,participation rate,0.20492762157234354,MO,Midwest,NONE,NA
full-year,all_sports,age,55-64,2013,participation rate,0.1998550384025472,MO,Midwest,NONE,NA
full-year,all_sports,age,55-64,2014,participation rate,0.202419105774914,MO,Midwest,NONE,NA
full-year,all_sports,age,55-64,2015,participation rate,0.19871850115773185,MO,Midwest,NONE,NA
full-year,all_sports,age,55-64,2016,participation rate,0.2011697483050736,MO,Midwest,NONE,NA
full-year,all_sports,age,55-64,2017,participation rate,0.19800787121891616,MO,Midwest,NONE,NA
full-year,all_sports,age,55-64,2018,participation rate,0.1954930022830907,MO,Midwest,NONE,NA
full-year,all_sports,all,all,2010,participation rate,0.2086984309559695,MO,Midwest,NONE,NA
full-year,all_sports,all,all,2011,participation rate,0.20151022252524242,MO,Midwest,NONE,NA
full-year,all_sports,all,all,2012,participation rate,0.2091974874613692,MO,Midwest,NONE,NA
full-year,all_sports,all,all,2013,participation rate,0.20407776978525144,MO,Midwest,NONE,NA
full-year,all_sports,all,all,2014,participation rate,0.20625645457778854,MO,Midwest,NONE,NA
full-year,all_sports,all,all,2015,participation rate,0.19971955882388864,MO,Midwest,NONE,NA
full-year,all_sports,all,all,2016,participation rate,0.20015388559724462,MO,Midwest,NONE,NA
full-year,all_sports,all,all,2017,participation rate,0.1934223840742562,MO,Midwest,NONE,NA
full-year,all_sports,all,all,2018,participation rate,0.18515056477583616,MO,Midwest,NONE,NA
full-year,all_sports,gender,female,2010,participation rate,0.10133878974863497,MO,Midwest,NONE,NA
full-year,all_sports,gender,female,2011,participation rate,0.09735877852569509,MO,Midwest,NONE,NA
full-year,all_sports,gender,female,2012,participation rate,0.10598603624498974,MO,Midwest,NONE,NA
full-year,all_sports,gender,female,2013,participation rate,0.10321706249908649,MO,Midwest,NONE,NA
full-year,all_sports,gender,female,2014,participation rate,0.10772335433095796,MO,Midwest,NONE,NA
full-year,all_sports,gender,female,2015,participation rate,0.1038709940939591,MO,Midwest,NONE,NA
full-year,all_sports,gender,female,2016,participation rate,0.10672501650702834,MO,Midwest,NONE,NA
full-year,all_sports,gender,female,2017,participation rate,0.10235845061195481,MO,Midwest,NONE,NA
full-year,all_sports,gender,female,2018,participation rate,0.09612798712174223,MO,Midwest,NONE,NA
full-year,all_sports,gender,male,2010,participation rate,0.31863428710846203,MO,Midwest,NONE,NA
full-year,all_sports,gender,male,2011,participation rate,0.3078956427539567,MO,Midwest,NONE,NA
full-year,all_sports,gender,male,2012,participation rate,0.31458148910402683,MO,Midwest,NONE,NA
full-year,all_sports,gender,male,2013,participation rate,0.3070777552718268,MO,Midwest,NONE,NA
full-year,all_sports,gender,male,2014,participation rate,0.3068253954669005,MO,Midwest,NONE,NA
full-year,all_sports,gender,male,2015,participation rate,0.2974179143146095,MO,Midwest,NONE,NA
full-year,all_sports,gender,male,2016,participation rate,0.2951428833808255,MO,Midwest,NONE,NA
full-year,all_sports,gender,male,2017,participation rate,0.285873656376158,MO,Midwest,NONE,NA
full-year,all_sports,gender,male,2018,participation rate,0.27552938166631225,MO,Midwest,NONE,NA
full-year,fish,age,18-24,2010,participation rate,0.14222257463537896,MO,Midwest,NONE,NA
full-year,fish,age,18-24,2011,participation rate,0.1369322362973092,MO,Midwest,NONE,NA
full-year,fish,age,18-24,2012,participation rate,0.15102868198246547,MO,Midwest,NONE,NA
full-year,fish,age,18-24,2013,participation rate,0.14597200191532814,MO,Midwest,NONE,NA
full-year,fish,age,18-24,2014,participation rate,0.15046198112351644,MO,Midwest,NONE,NA
full-year,fish,age,18-24,2015,participation rate,0.1423082846881193,MO,Midwest,NONE,NA
full-year,fish,age,18-24,2016,participation rate,0.14393323298358146,MO,Midwest,NONE,NA
full-year,fish,age,18-24,2017,participation rate,0.13391557716748723,MO,Midwest,NONE,NA
full-year,fish,age,18-24,2018,participation rate,0.12544757565216913,MO,Midwest,NONE,NA
full-year,fish,age,25-34,2010,participation rate,0.1709796839596029,MO,Midwest,NONE,NA
full-year,fish,age,25-34,2011,participation rate,0.16208920919512881,MO,Midwest,NONE,NA
full-year,fish,age,25-34,2012,participation rate,0.1724640986684496,MO,Midwest,NONE,NA
full-year,fish,age,25-34,2013,participation rate,0.16539239255648652,MO,Midwest,NONE,NA
full-year,fish,age,25-34,2014,participation rate,0.1682168282786436,MO,Midwest,NONE,NA
full-year,fish,age,25-34,2015,participation rate,0.1596370735094732,MO,Midwest,NONE,NA
full-year,fish,age,25-34,2016,participation rate,0.16163236290522068,MO,Midwest,NONE,NA
full-year,fish,age,25-34,2017,participation rate,0.14954376094718588,MO,Midwest,NONE,NA
full-year,fish,age,25-34,2018,participation rate,0.14025412876518056,MO,Midwest,NONE,NA
full-year,fish,age,35-44,2010,participation rate,0.16504157190839272,MO,Midwest,NONE,NA
full-year,fish,age,35-44,2011,participation rate,0.15757796868857896,MO,Midwest,NONE,NA
full-year,fish,age,35-44,2012,participation rate,0.17000506058152748,MO,Midwest,NONE,NA
full-year,fish,age,35-44,2013,participation rate,0.1663114691577962,MO,Midwest,NONE,NA
full-year,fish,age,35-44,2014,participation rate,0.16975890403352042,MO,Midwest,NONE,NA
full-year,fish,age,35-44,2015,participation rate,0.16265624057108807,MO,Midwest,NONE,NA
full-year,fish,age,35-44,2016,participation rate,0.16706491657974118,MO,Midwest,NONE,NA
full-year,fish,age,35-44,2017,participation rate,0.16209516469858123,MO,Midwest,NONE,NA
full-year,fish,age,35-44,2018,participation rate,0.15759363946735272,MO,Midwest,NONE,NA
full-year,fish,age,45-54,2010,participation rate,0.16898146639464284,MO,Midwest,NONE,NA
full-year,fish,age,45-54,2011,participation rate,0.15845373676123248,MO,Midwest,NONE,NA
full-year,fish,age,45-54,2012,participation rate,0.16393395776995326,MO,Midwest,NONE,NA
full-year,fish,age,45-54,2013,participation rate,0.15662736125184043,MO,Midwest,NONE,NA
full-year,fish,age,45-54,2014,participation rate,0.15823766789748367,MO,Midwest,NONE,NA
full-year,fish,age,45-54,2015,participation rate,0.15224241085728904,MO,Midwest,NONE,NA
full-year,fish,age,45-54,2016,participation rate,0.15502893559540484,MO,Midwest,NONE,NA
full-year,fish,age,45-54,2017,participation rate,0.14838701950599575,MO,Midwest,NONE,NA
full-year,fish,age,45-54,2018,participation rate,0.13864971267690265,MO,Midwest,NONE,NA
full-year,fish,age,55-64,2010,participation rate,0.16115452006898717,MO,Midwest,NONE,NA
full-year,fish,age,55-64,2011,participation rate,0.15391978874157594,MO,Midwest,NONE,NA
full-year,fish,age,55-64,2012,participation rate,0.16047251013487945,MO,Midwest,NONE,NA
full-year,fish,age,55-64,2013,participation rate,0.155181418103381,MO,Midwest,NONE,NA
full-year,fish,age,55-64,2014,participation rate,0.1580372055917442,MO,Midwest,NONE,NA
full-year,fish,age,55-64,2015,participation rate,0.1540109887418779,MO,Midwest,NONE,NA
full-year,fish,age,55-64,2016,participation rate,0.1579384486693126,MO,Midwest,NONE,NA
full-year,fish,age,55-64,2017,participation rate,0.15379907703035445,MO,Midwest,NONE,NA
full-year,fish,age,55-64,2018,participation rate,0.15256676723852244,MO,Midwest,NONE,NA
full-year,fish,all,all,2010,participation rate,0.16283671400154692,MO,Midwest,NONE,NA
full-year,fish,all,all,2011,participation rate,0.15474456336556125,MO,Midwest,NONE,NA
full-year,fish,all,all,2012,participation rate,0.16421582368852727,MO,Midwest,NONE,NA
full-year,fish,all,all,2013,participation rate,0.15841465501402824,MO,Midwest,NONE,NA
full-year,fish,all,all,2014,participation rate,0.16134615064165078,MO,Midwest,NONE,NA
full-year,fish,all,all,2015,participation rate,0.1546542518456632,MO,Midwest,NONE,NA
full-year,fish,all,all,2016,participation rate,0.15766051507224776,MO,Midwest,NONE,NA
full-year,fish,all,all,2017,participation rate,0.15021342856582767,MO,Midwest,NONE,NA
full-year,fish,all,all,2018,participation rate,0.14362674871061554,MO,Midwest,NONE,NA
full-year,fish,gender,female,2010,participation rate,0.0840347689132712,MO,Midwest,NONE,NA
full-year,fish,gender,female,2011,participation rate,0.07940152446151098,MO,Midwest,NONE,NA
full-year,fish,gender,female,2012,participation rate,0.08794023928189892,MO,Midwest,NONE,NA
full-year,fish,gender,female,2013,participation rate,0.08472159267146576,MO,Midwest,NONE,NA
full-year,fish,gender,female,2014,participation rate,0.08882820935768061,MO,Midwest,NONE,NA
full-year,fish,gender,female,2015,participation rate,0.08468230762884894,MO,Midwest,NONE,NA
full-year,fish,gender,female,2016,participation rate,0.08825536177842401,MO,Midwest,NONE,NA
full-year,fish,gender,female,2017,participation rate,0.08383866827215111,MO,Midwest,NONE,NA
full-year,fish,gender,female,2018,participation rate,0.07842842175682474,MO,Midwest,NONE,NA
full-year,fish,gender,male,2010,participation rate,0.2435296001023013,MO,Midwest,NONE,NA
full-year,fish,gender,male,2011,participation rate,0.23170365819242306,MO,Midwest,NONE,NA
full-year,fish,gender,male,2012,participation rate,0.24209697173624642,MO,Midwest,NONE,NA
full-year,fish,gender,male,2013,participation rate,0.23367076372055914,MO,Midwest,NONE,NA
full-year,fish,gender,male,2014,participation rate,0.23536242062725163,MO,Midwest,NONE,NA
full-year,fish,gender,male,2015,participation rate,0.22597659141050977,MO,Midwest,NONE,NA
full-year,fish,gender,male,2016,participation rate,0.2282246353125354,MO,Midwest,NONE,NA
full-year,fish,gender,male,2017,participation rate,0.21759939361888034,MO,Midwest,NONE,NA
full-year,fish,gender,male,2018,participation rate,0.2098183577226364,MO,Midwest,NONE,NA
full-year,hunt,age,18-24,2010,participation rate,0.09468729838682524,MO,Midwest,NONE,NA
full-year,hunt,age,18-24,2011,participation rate,0.0953016566532999,MO,Midwest,NONE,NA
full-year,hunt,age,18-24,2012,participation rate,0.09722863528176541,MO,Midwest,NONE,NA
full-year,hunt,age,18-24,2013,participation rate,0.09815468894626657,MO,Midwest,NONE,NA
full-year,hunt,age,18-24,2014,participation rate,0.09717913598488688,MO,Midwest,NONE,NA
full-year,hunt,age,18-24,2015,participation rate,0.09477919980917043,MO,Midwest,NONE,NA
full-year,hunt,age,18-24,2016,participation rate,0.09119492976993733,MO,Midwest,NONE,NA
full-year,hunt,age,18-24,2017,participation rate,0.09022345928410301,MO,Midwest,NONE,NA
full-year,hunt,age,18-24,2018,participation rate,0.08735835210448863,MO,Midwest,NONE,NA
full-year,hunt,age,25-34,2010,participation rate,0.10648347709750702,MO,Midwest,NONE,NA
full-year,hunt,age,25-34,2011,participation rate,0.10581620696323137,MO,Midwest,NONE,NA
full-year,hunt,age,25-34,2012,participation rate,0.10640674453946201,MO,Midwest,NONE,NA
full-year,hunt,age,25-34,2013,participation rate,0.10774473590234786,MO,Midwest,NONE,NA
full-year,hunt,age,25-34,2014,participation rate,0.10668116189946648,MO,Midwest,NONE,NA
full-year,hunt,age,25-34,2015,participation rate,0.10548462096994797,MO,Midwest,NONE,NA
full-year,hunt,age,25-34,2016,participation rate,0.10217728942243276,MO,Midwest,NONE,NA
full-year,hunt,age,25-34,2017,participation rate,0.09931041432653386,MO,Midwest,NONE,NA
full-year,hunt,age,25-34,2018,participation rate,0.09664772876309262,MO,Midwest,NONE,NA
full-year,hunt,age,35-44,2010,participation rate,0.10928388980567184,MO,Midwest,NONE,NA
full-year,hunt,age,35-44,2011,participation rate,0.10822827278407597,MO,Midwest,NONE,NA
full-year,hunt,age,35-44,2012,participation rate,0.11094644367929815,MO,Midwest,NONE,NA
full-year,hunt,age,35-44,2013,participation rate,0.11231619047192097,MO,Midwest,NONE,NA
full-year,hunt,age,35-44,2014,participation rate,0.11258212830634119,MO,Midwest,NONE,NA
full-year,hunt,age,35-44,2015,participation rate,0.11126572687578731,MO,Midwest,NONE,NA
full-year,hunt,age,35-44,2016,participation rate,0.10795868622305133,MO,Midwest,NONE,NA
full-year,hunt,age,35-44,2017,participation rate,0.10725391622153825,MO,Midwest,NONE,NA
full-year,hunt,age,35-44,2018,participation rate,0.10612944748038398,MO,Midwest,NONE,NA
full-year,hunt,age,45-54,2010,participation rate,0.12094927497440422,MO,Midwest,NONE,NA
full-year,hunt,age,45-54,2011,participation rate,0.11865692787556424,MO,Midwest,NONE,NA
full-year,hunt,age,45-54,2012,participation rate,0.11684515931189242,MO,Midwest,NONE,NA
full-year,hunt,age,45-54,2013,participation rate,0.11438504819874219,MO,Midwest,NONE,NA
full-year,hunt,age,45-54,2014,participation rate,0.11284688516250171,MO,Midwest,NONE,NA
full-year,hunt,age,45-54,2015,participation rate,0.11146249351994908,MO,Midwest,NONE,NA
full-year,hunt,age,45-54,2016,participation rate,0.1084855717430946,MO,Midwest,NONE,NA
full-year,hunt,age,45-54,2017,participation rate,0.10506929215357799,MO,Midwest,NONE,NA
full-year,hunt,age,45-54,2018,participation rate,0.09891448627497329,MO,Midwest,NONE,NA
full-year,hunt,age,55-64,2010,participation rate,0.11058318150389954,MO,Midwest,NONE,NA
full-year,hunt,age,55-64,2011,participation rate,0.10980091714444068,MO,Midwest,NONE,NA
full-year,hunt,age,55-64,2012,participation rate,0.11033237782769194,MO,Midwest,NONE,NA
full-year,hunt,age,55-64,2013,participation rate,0.10963077294647544,MO,Midwest,NONE,NA
full-year,hunt,age,55-64,2014,participation rate,0.11024963451762457,MO,Midwest,NONE,NA
full-year,hunt,age,55-64,2015,participation rate,0.11018334938879418,MO,Midwest,NONE,NA
full-year,hunt,age,55-64,2016,participation rate,0.10979839074157631,MO,Midwest,NONE,NA
full-year,hunt,age,55-64,2017,participation rate,0.10921487606417002,MO,Midwest,NONE,NA
full-year,hunt,age,55-64,2018,participation rate,0.10848176597800493,MO,Midwest,NONE,NA
full-year,hunt,all,all,2010,participation rate,0.1094056447539583,MO,Midwest,NONE,NA
full-year,hunt,all,all,2011,participation rate,0.10845543627410102,MO,Midwest,NONE,NA
full-year,hunt,all,all,2012,participation rate,0.10909445445644134,MO,Midwest,NONE,NA
full-year,hunt,all,all,2013,participation rate,0.10905626235913105,MO,Midwest,NONE,NA
full-year,hunt,all,all,2014,participation rate,0.108473982168618,MO,Midwest,NONE,NA
full-year,hunt,all,all,2015,participation rate,0.10724044300276041,MO,Midwest,NONE,NA
full-year,hunt,all,all,2016,participation rate,0.10457159025650006,MO,Midwest,NONE,NA
full-year,hunt,all,all,2017,participation rate,0.10281362007199386,MO,Midwest,NONE,NA
full-year,hunt,all,all,2018,participation rate,0.1000815372634439,MO,Midwest,NONE,NA
full-year,hunt,gender,female,2010,participation rate,0.02884091849463535,MO,Midwest,NONE,NA
full-year,hunt,gender,female,2011,participation rate,0.029454405559657396,MO,Midwest,NONE,NA
full-year,hunt,gender,female,2012,participation rate,0.030993693267531222,MO,Midwest,NONE,NA
full-year,hunt,gender,female,2013,participation rate,0.03165905485463565,MO,Midwest,NONE,NA
full-year,hunt,gender,female,2014,participation rate,0.03276834376491411,MO,Midwest,NONE,NA
full-year,hunt,gender,female,2015,participation rate,0.03313733476291691,MO,Midwest,NONE,NA
full-year,hunt,gender,female,2016,participation rate,0.03265764038609228,MO,Midwest,NONE,NA
full-year,hunt,gender,female,2017,participation rate,0.03222516227426719,MO,Midwest,NONE,NA
full-year,hunt,gender,female,2018,participation rate,0.031027805668185162,MO,Midwest,NONE,NA
full-year,hunt,gender,male,2010,participation rate,0.19190361193610633,MO,Midwest,NONE,NA
full-year,hunt,gender,male,2011,participation rate,0.18915098429832403,MO,Midwest,NONE,NA
full-year,hunt,gender,male,2012,participation rate,0.18883919836252006,MO,Midwest,NONE,NA
full-year,hunt,gender,male,2013,participation rate,0.18809508197643102,MO,Midwest,NONE,NA
full-year,hunt,gender,male,2014,participation rate,0.18574381184536645,MO,Midwest,NONE,NA
full-year,hunt,gender,male,2015,participation rate,0.1827736743263894,MO,Midwest,NONE,NA
full-year,hunt,gender,male,2016,participation rate,0.17768640039353129,MO,Midwest,NONE,NA
full-year,hunt,gender,male,2017,participation rate,0.17447747737649483,MO,Midwest,NONE,NA
full-year,hunt,gender,male,2018,participation rate,0.1701872871519944,MO,Midwest,NONE,NA
full-year,all_sports,residency,resident,2010,participation rate,0.2086984309559695,MO,Midwest,NONE,NA
full-year,all_sports,residency,resident,2011,participation rate,0.20151022252524242,MO,Midwest,NONE,NA
full-year,all_sports,residency,resident,2012,participation rate,0.2091974874613692,MO,Midwest,NONE,NA
full-year,all_sports,residency,resident,2013,participation rate,0.20407776978525144,MO,Midwest,NONE,NA
full-year,all_sports,residency,resident,2014,participation rate,0.20625645457778854,MO,Midwest,NONE,NA
full-year,all_sports,residency,resident,2015,participation rate,0.19971955882388864,MO,Midwest,NONE,NA
full-year,all_sports,residency,resident,2016,participation rate,0.20015388559724462,MO,Midwest,NONE,NA
full-year,all_sports,residency,resident,2017,participation rate,0.1934223840742562,MO,Midwest,NONE,NA
full-year,all_sports,residency,resident,2018,participation rate,0.18515056477583616,MO,Midwest,NONE,NA
full-year,fish,residency,resident,2010,participation rate,0.16283671400154692,MO,Midwest,NONE,NA
full-year,fish,residency,resident,2011,participation rate,0.15474456336556125,MO,Midwest,NONE,NA
full-year,fish,residency,resident,2012,participation rate,0.16421582368852727,MO,Midwest,NONE,NA
full-year,fish,residency,resident,2013,participation rate,0.15841465501402824,MO,Midwest,NONE,NA
full-year,fish,residency,resident,2014,participation rate,0.16134615064165078,MO,Midwest,NONE,NA
full-year,fish,residency,resident,2015,participation rate,0.1546542518456632,MO,Midwest,NONE,NA
full-year,fish,residency,resident,2016,participation rate,0.15766051507224776,MO,Midwest,NONE,NA
full-year,fish,residency,resident,2017,participation rate,0.15021342856582767,MO,Midwest,NONE,NA
full-year,fish,residency,resident,2018,participation rate,0.14362674871061554,MO,Midwest,NONE,NA
full-year,hunt,residency,resident,2010,participation rate,0.1094056447539583,MO,Midwest,NONE,NA
full-year,hunt,residency,resident,2011,participation rate,0.10845543627410102,MO,Midwest,NONE,NA
full-year,hunt,residency,resident,2012,participation rate,0.10909445445644134,MO,Midwest,NONE,NA
full-year,hunt,residency,resident,2013,participation rate,0.10905626235913105,MO,Midwest,NONE,NA
full-year,hunt,residency,resident,2014,participation rate,0.108473982168618,MO,Midwest,NONE,NA
full-year,hunt,residency,resident,2015,participation rate,0.10724044300276041,MO,Midwest,NONE,NA
full-year,hunt,residency,resident,2016,participation rate,0.10457159025650006,MO,Midwest,NONE,NA
full-year,hunt,residency,resident,2017,participation rate,0.10281362007199386,MO,Midwest,NONE,NA
full-year,hunt,residency,resident,2018,participation rate,0.1000815372634439,MO,Midwest,NONE,NA
full-year,all_sports,residency,nonresident,2010,participation rate,0,MO,Midwest,NONE,NA
full-year,all_sports,residency,nonresident,2011,participation rate,0,MO,Midwest,NONE,NA
full-year,all_sports,residency,nonresident,2012,participation rate,0,MO,Midwest,NONE,NA
full-year,all_sports,residency,nonresident,2013,participation rate,0,MO,Midwest,NONE,NA
full-year,all_sports,residency,nonresident,2014,participation rate,0,MO,Midwest,NONE,NA
full-year,all_sports,residency,nonresident,2015,participation rate,0,MO,Midwest,NONE,NA
full-year,all_sports,residency,nonresident,2016,participation rate,0,MO,Midwest,NONE,NA
full-year,all_sports,residency,nonresident,2017,participation rate,0,MO,Midwest,NONE,NA
full-year,all_sports,residency,nonresident,2018,participation rate,0,MO,Midwest,NONE,NA
full-year,fish,residency,nonresident,2010,participation rate,0,MO,Midwest,NONE,NA
full-year,fish,residency,nonresident,2011,participation rate,0,MO,Midwest,NONE,NA
full-year,fish,residency,nonresident,2012,participation rate,0,MO,Midwest,NONE,NA
full-year,fish,residency,nonresident,2013,participation rate,0,MO,Midwest,NONE,NA
full-year,fish,residency,nonresident,2014,participation rate,0,MO,Midwest,NONE,NA
full-year,fish,residency,nonresident,2015,participation rate,0,MO,Midwest,NONE,NA
full-year,fish,residency,nonresident,2016,participation rate,0,MO,Midwest,NONE,NA
full-year,fish,residency,nonresident,2017,participation rate,0,MO,Midwest,NONE,NA
full-year,fish,residency,nonresident,2018,participation rate,0,MO,Midwest,NONE,NA
full-year,hunt,residency,nonresident,2010,participation rate,0,MO,Midwest,NONE,NA
full-year,hunt,residency,nonresident,2011,participation rate,0,MO,Midwest,NONE,NA
full-year,hunt,residency,nonresident,2012,participation rate,0,MO,Midwest,NONE,NA
full-year,hunt,residency,nonresident,2013,participation rate,0,MO,Midwest,NONE,NA
full-year,hunt,residency,nonresident,2014,participation rate,0,MO,Midwest,NONE,NA
full-year,hunt,residency,nonresident,2015,participation rate,0,MO,Midwest,NONE,NA
full-year,hunt,residency,nonresident,2016,participation rate,0,MO,Midwest,NONE,NA
full-year,hunt,residency,nonresident,2017,participation rate,0,MO,Midwest,NONE,NA
full-year,hunt,residency,nonresident,2018,participation rate,0,MO,Midwest,NONE,NA
