timeframe,group,segment,category,year,metric,value,state
full-year,all_sports,age,18-24,2010,churn,0.37325895789,FL
full-year,all_sports,age,18-24,2011,churn,0.36402663919,FL
full-year,all_sports,age,18-24,2012,churn,0.35287594556,FL
full-year,all_sports,age,18-24,2013,churn,0.36561383174,FL
full-year,all_sports,age,18-24,2014,churn,0.35007723951,FL
full-year,all_sports,age,25-34,2010,churn,0.41264950979,FL
full-year,all_sports,age,25-34,2011,churn,0.40593193662,FL
full-year,all_sports,age,25-34,2012,churn,0.39468769945,FL
full-year,all_sports,age,25-34,2013,churn,0.40879787344999996,FL
full-year,all_sports,age,25-34,2014,churn,0.39542161084,FL
full-year,all_sports,age,35-44,2010,churn,0.46774777354999997,FL
full-year,all_sports,age,35-44,2011,churn,0.46259428757000004,FL
full-year,all_sports,age,35-44,2012,churn,0.45150118622,FL
full-year,all_sports,age,35-44,2013,churn,0.46425287904,FL
full-year,all_sports,age,35-44,2014,churn,0.4495144974,FL
full-year,all_sports,age,45-54,2010,churn,0.5023514221500001,FL
full-year,all_sports,age,45-54,2011,churn,0.49692653470000003,FL
full-year,all_sports,age,45-54,2012,churn,0.48530666786,FL
full-year,all_sports,age,45-54,2013,churn,0.50258987396,FL
full-year,all_sports,age,45-54,2014,churn,0.48994728776999996,FL
full-year,all_sports,age,55-64,2010,churn,0.50957307389,FL
full-year,all_sports,age,55-64,2011,churn,0.5065537894500001,FL
full-year,all_sports,age,55-64,2012,churn,0.49451655238000003,FL
full-year,all_sports,age,55-64,2013,churn,0.51305317377,FL
full-year,all_sports,age,55-64,2014,churn,0.50290467885,FL
full-year,all_sports,all,all,2010,churn,0.46444181383999994,FL
full-year,all_sports,all,all,2011,churn,0.45973177747,FL
full-year,all_sports,all,all,2012,churn,0.44777374989,FL
full-year,all_sports,all,all,2013,churn,0.46378217524,FL
full-year,all_sports,all,all,2014,churn,0.45074937886,FL
full-year,all_sports,gender,female,2010,churn,0.38041940253,FL
full-year,all_sports,gender,female,2011,churn,0.38761598999,FL
full-year,all_sports,gender,female,2012,churn,0.37383741547,FL
full-year,all_sports,gender,female,2013,churn,0.39188377517,FL
full-year,all_sports,gender,female,2014,churn,0.38247555564,FL
full-year,all_sports,gender,male,2010,churn,0.488710057,FL
full-year,all_sports,gender,male,2011,churn,0.48010273357000005,FL
full-year,all_sports,gender,male,2012,churn,0.47022677658,FL
full-year,all_sports,gender,male,2013,churn,0.48569803514,FL
full-year,all_sports,gender,male,2014,churn,0.47171728014000003,FL
full-year,all_sports,residency,nonresident,2010,churn,0.40964213386,FL
full-year,all_sports,residency,nonresident,2011,churn,0.36580949295000004,FL
full-year,all_sports,residency,nonresident,2012,churn,0.35973035747,FL
full-year,all_sports,residency,nonresident,2013,churn,0.3612230101,FL
full-year,all_sports,residency,nonresident,2014,churn,0.33094739828999997,FL
full-year,all_sports,residency,resident,2010,churn,0.47387808415000005,FL
full-year,all_sports,residency,resident,2011,churn,0.48890883899000004,FL
full-year,all_sports,residency,resident,2012,churn,0.47599123179,FL
full-year,all_sports,residency,resident,2013,churn,0.49878101671999997,FL
full-year,all_sports,residency,resident,2014,churn,0.49683662043,FL
full-year,all_sports,all,all,2009,participants,1122681,FL
full-year,all_sports,all,all,2010,participants,1262832,FL
full-year,all_sports,all,all,2011,participants,1380101,FL
full-year,all_sports,all,all,2012,participants,1403991,FL
full-year,all_sports,all,all,2013,participants,1522194,FL
full-year,all_sports,all,all,2014,participants,1569365,FL
full-year,all_sports,all,all,2014,recruits,522148,FL
full-year,fish,age,18-24,2010,churn,0.33676060028000004,FL
full-year,fish,age,18-24,2011,churn,0.33413118202,FL
full-year,fish,age,18-24,2012,churn,0.32611877229,FL
full-year,fish,age,18-24,2013,churn,0.34081764043,FL
full-year,fish,age,18-24,2014,churn,0.32742172725,FL
full-year,fish,age,25-34,2010,churn,0.38234265278,FL
full-year,fish,age,25-34,2011,churn,0.38095194636999996,FL
full-year,fish,age,25-34,2012,churn,0.37212187497000004,FL
full-year,fish,age,25-34,2013,churn,0.3881007487,FL
full-year,fish,age,25-34,2014,churn,0.37652305055,FL
full-year,fish,age,35-44,2010,churn,0.44069491157,FL
full-year,fish,age,35-44,2011,churn,0.43924646543999996,FL
full-year,fish,age,35-44,2012,churn,0.43148578688,FL
full-year,fish,age,35-44,2013,churn,0.44644918506000003,FL
full-year,fish,age,35-44,2014,churn,0.43325171661,FL
full-year,fish,age,45-54,2010,churn,0.48500842302,FL
full-year,fish,age,45-54,2011,churn,0.4815327865,FL
full-year,fish,age,45-54,2012,churn,0.47124259191,FL
full-year,fish,age,45-54,2013,churn,0.49008622183999995,FL
full-year,fish,age,45-54,2014,churn,0.47838400216,FL
full-year,fish,age,55-64,2010,churn,0.49915565443,FL
full-year,fish,age,55-64,2011,churn,0.49728611128,FL
full-year,fish,age,55-64,2012,churn,0.48616014178,FL
full-year,fish,age,55-64,2013,churn,0.5055661839,FL
full-year,fish,age,55-64,2014,churn,0.4964352,FL
full-year,fish,all,all,2010,churn,0.44199092429,FL
full-year,fish,all,all,2011,churn,0.44058531156999997,FL
full-year,fish,all,all,2012,churn,0.43063573645,FL
full-year,fish,all,all,2013,churn,0.44843483645,FL
full-year,fish,all,all,2014,churn,0.43688406659,FL
full-year,fish,gender,female,2010,churn,0.37235273648000006,FL
full-year,fish,gender,female,2011,churn,0.38040121483,FL
full-year,fish,gender,female,2012,churn,0.36709998486000006,FL
full-year,fish,gender,female,2013,churn,0.38547309833,FL
full-year,fish,gender,female,2014,churn,0.37638235236,FL
full-year,fish,gender,male,2010,churn,0.46278674956000004,FL
full-year,fish,gender,male,2011,churn,0.45807803763000005,FL
full-year,fish,gender,male,2012,churn,0.45041414402,FL
full-year,fish,gender,male,2013,churn,0.46808163691,FL
full-year,fish,gender,male,2014,churn,0.45584548785,FL
full-year,fish,residency,nonresident,2010,churn,0.40801861777,FL
full-year,fish,residency,nonresident,2011,churn,0.36366168667,FL
full-year,fish,residency,nonresident,2012,churn,0.35780241752,FL
full-year,fish,residency,nonresident,2013,churn,0.35936109792000004,FL
full-year,fish,residency,nonresident,2014,churn,0.32896009833,FL
full-year,fish,residency,resident,2010,churn,0.44794523544,FL
full-year,fish,residency,resident,2011,churn,0.4651821084,FL
full-year,fish,residency,resident,2012,churn,0.45454328488999995,FL
full-year,fish,residency,resident,2013,churn,0.47952139031,FL
full-year,fish,residency,resident,2014,churn,0.4791949606,FL
full-year,fish,all,all,2009,participants,1074737,FL
full-year,fish,all,all,2010,participants,1215011,FL
full-year,fish,all,all,2011,participants,1335695,FL
full-year,fish,all,all,2012,participants,1359794,FL
full-year,fish,all,all,2013,participants,1479056,FL
full-year,fish,all,all,2014,participants,1528285,FL
full-year,fish,all,all,2014,recruits,520471,FL
full-year,hunt,age,18-24,2010,churn,0.5437849943999999,FL
full-year,hunt,age,18-24,2011,churn,0.51691603394,FL
full-year,hunt,age,18-24,2012,churn,0.52069990851,FL
full-year,hunt,age,18-24,2013,churn,0.53285628448,FL
full-year,hunt,age,18-24,2014,churn,0.52371925974,FL
full-year,hunt,age,25-34,2010,churn,0.58638868104,FL
full-year,hunt,age,25-34,2011,churn,0.56918726012,FL
full-year,hunt,age,25-34,2012,churn,0.57156420603,FL
full-year,hunt,age,25-34,2013,churn,0.57982484593,FL
full-year,hunt,age,25-34,2014,churn,0.55903628515,FL
full-year,hunt,age,35-44,2010,churn,0.63861754351,FL
full-year,hunt,age,35-44,2011,churn,0.6286990085499999,FL
full-year,hunt,age,35-44,2012,churn,0.62117938449,FL
full-year,hunt,age,35-44,2013,churn,0.63102652207,FL
full-year,hunt,age,35-44,2014,churn,0.61136381358,FL
full-year,hunt,age,45-54,2010,churn,0.66679197406,FL
full-year,hunt,age,45-54,2011,churn,0.6686629526500001,FL
full-year,hunt,age,45-54,2012,churn,0.65449405658,FL
full-year,hunt,age,45-54,2013,churn,0.66933643772,FL
full-year,hunt,age,45-54,2014,churn,0.65526794025,FL
full-year,hunt,age,55-64,2010,churn,0.6505875501,FL
full-year,hunt,age,55-64,2011,churn,0.6426787438799999,FL
full-year,hunt,age,55-64,2012,churn,0.63109018377,FL
full-year,hunt,age,55-64,2013,churn,0.6470227924799999,FL
full-year,hunt,age,55-64,2014,churn,0.63242002235,FL
full-year,hunt,all,all,2010,churn,0.62506092806,FL
full-year,hunt,all,all,2011,churn,0.6150947504700001,FL
full-year,hunt,all,all,2012,churn,0.6073078819700001,FL
full-year,hunt,all,all,2013,churn,0.61929163254,FL
full-year,hunt,all,all,2014,churn,0.6029828503,FL
full-year,hunt,gender,female,2010,churn,0.51671481634,FL
full-year,hunt,gender,female,2011,churn,0.50667103217,FL
full-year,hunt,gender,female,2012,churn,0.50264091447,FL
full-year,hunt,gender,female,2013,churn,0.51157441757,FL
full-year,hunt,gender,female,2014,churn,0.48968871595,FL
full-year,hunt,gender,male,2010,churn,0.63369580233,FL
full-year,hunt,gender,male,2011,churn,0.62374601599,FL
full-year,hunt,gender,male,2012,churn,0.61606718742,FL
full-year,hunt,gender,male,2013,churn,0.6288058508200001,FL
full-year,hunt,gender,male,2014,churn,0.61378504384,FL
full-year,hunt,residency,nonresident,2010,churn,0.36685576758000005,FL
full-year,hunt,residency,nonresident,2011,churn,0.36615146832,FL
full-year,hunt,residency,nonresident,2012,churn,0.35813598167000005,FL
full-year,hunt,residency,nonresident,2013,churn,0.34768073547999995,FL
full-year,hunt,residency,nonresident,2014,churn,0.34133524424,FL
full-year,hunt,residency,resident,2010,churn,0.6345484521,FL
full-year,hunt,residency,resident,2011,churn,0.62523369781,FL
full-year,hunt,residency,resident,2012,churn,0.61764817774,FL
full-year,hunt,residency,resident,2013,churn,0.63156337913,FL
full-year,hunt,residency,resident,2014,churn,0.61596345387,FL
full-year,hunt,all,all,2009,participants,164128,FL
full-year,hunt,all,all,2010,participants,165329,FL
full-year,hunt,all,all,2011,participants,164261,FL
full-year,hunt,all,all,2012,participants,166072,FL
full-year,hunt,all,all,2013,participants,177146,FL
full-year,hunt,all,all,2014,participants,178359,FL
full-year,hunt,all,all,2014,recruits,43693,FL
full-year,all_sports,age,18-24,2009,participants,119992.05849164964,FL
full-year,all_sports,age,18-24,2010,participants,137300.85056765878,FL
full-year,all_sports,age,18-24,2011,participants,156133.46702590567,FL
full-year,all_sports,age,18-24,2012,participants,160680.10699465044,FL
full-year,all_sports,age,18-24,2013,participants,179290.5158482234,FL
full-year,all_sports,age,18-24,2014,participants,184641.44716713487,FL
full-year,all_sports,age,25-34,2009,participants,205959.60392448222,FL
full-year,all_sports,age,25-34,2010,participants,234470.79207274606,FL
full-year,all_sports,age,25-34,2011,participants,261592.452714343,FL
full-year,all_sports,age,25-34,2012,participants,268187.1473834084,FL
full-year,all_sports,age,25-34,2013,participants,296353.8754139919,FL
full-year,all_sports,age,25-34,2014,participants,310660.3261202125,FL
full-year,all_sports,age,35-44,2009,participants,257303.9194947856,FL
full-year,all_sports,age,35-44,2010,participants,283355.09422015713,FL
full-year,all_sports,age,35-44,2011,participants,302344.3408787964,FL
full-year,all_sports,age,35-44,2012,participants,303857.6241446729,FL
full-year,all_sports,age,35-44,2013,participants,321879.37442450016,FL
full-year,all_sports,age,35-44,2014,participants,327770.26727023243,FL
full-year,all_sports,age,45-54,2009,participants,303584.2166979653,FL
full-year,all_sports,age,45-54,2010,participants,340705.7593477403,FL
full-year,all_sports,age,45-54,2011,participants,367115.33545063314,FL
full-year,all_sports,age,45-54,2012,participants,368746.3342130106,FL
full-year,all_sports,age,45-54,2013,participants,393974.6199533876,FL
full-year,all_sports,age,45-54,2014,participants,400570.9207159347,FL
full-year,all_sports,age,55-64,2009,participants,235841.20139111727,FL
full-year,all_sports,age,55-64,2010,participants,266999.50379169773,FL
full-year,all_sports,age,55-64,2011,participants,292915.40393032174,FL
full-year,all_sports,age,55-64,2012,participants,302519.78726425767,FL
full-year,all_sports,age,55-64,2013,participants,330695.614359897,FL
full-year,all_sports,age,55-64,2014,participants,345722.0387264855,FL
full-year,all_sports,gender,female,2009,participants,251596,FL
full-year,all_sports,gender,female,2010,participants,278149,FL
full-year,all_sports,gender,female,2011,participants,321482,FL
full-year,all_sports,gender,female,2012,participants,327985,FL
full-year,all_sports,gender,female,2013,participants,357649,FL
full-year,all_sports,gender,female,2014,participants,373436,FL
full-year,all_sports,gender,male,2009,participants,871085,FL
full-year,all_sports,gender,male,2010,participants,984683,FL
full-year,all_sports,gender,male,2011,participants,1058619,FL
full-year,all_sports,gender,male,2012,participants,1076006,FL
full-year,all_sports,gender,male,2013,participants,1164545,FL
full-year,all_sports,gender,male,2014,participants,1195929,FL
full-year,all_sports,residency,nonresident,2009,participants,164922,FL
full-year,all_sports,residency,nonresident,2010,participants,299317,FL
full-year,all_sports,residency,nonresident,2011,participants,334962,FL
full-year,all_sports,residency,nonresident,2012,participants,357217,FL
full-year,all_sports,residency,nonresident,2013,participants,422895,FL
full-year,all_sports,residency,nonresident,2014,participants,413118,FL
full-year,all_sports,residency,resident,2009,participants,957759,FL
full-year,all_sports,residency,resident,2010,participants,963515,FL
full-year,all_sports,residency,resident,2011,participants,1045139,FL
full-year,all_sports,residency,resident,2012,participants,1046774,FL
full-year,all_sports,residency,resident,2013,participants,1099299,FL
full-year,all_sports,residency,resident,2014,participants,1156247,FL
full-year,all_sports,age,18-24,2014,recruits,88456.3263519303,FL
full-year,all_sports,age,25-34,2014,recruits,119806.81879034519,FL
full-year,all_sports,age,35-44,2014,recruits,108551.11899531414,FL
full-year,all_sports,age,45-54,2014,recruits,114564.60870412303,FL
full-year,all_sports,age,55-64,2014,recruits,90769.12715828733,FL
full-year,all_sports,gender,female,2014,recruits,150404,FL
full-year,all_sports,gender,male,2014,recruits,371744,FL
full-year,all_sports,residency,nonresident,2014,recruits,215532,FL
full-year,all_sports,residency,resident,2014,recruits,306616,FL
full-year,fish,age,18-24,2009,participants,113219.85223916538,FL
full-year,fish,age,18-24,2010,participants,130568.86624752797,FL
full-year,fish,age,18-24,2011,participants,149937.80575761525,FL
full-year,fish,age,18-24,2012,participants,154243.0601654243,FL
full-year,fish,age,18-24,2013,participants,172737.050023559,FL
full-year,fish,age,18-24,2014,participants,178492.4765072423,FL
full-year,fish,age,25-34,2009,participants,195928.51888425785,FL
full-year,fish,age,25-34,2010,participants,224556.1942383187,FL
full-year,fish,age,25-34,2011,participants,252444.08747644635,FL
full-year,fish,age,25-34,2012,participants,258775.44149634973,FL
full-year,fish,age,25-34,2013,participants,286746.71790930914,FL
full-year,fish,age,25-34,2014,participants,301310.94622096384,FL
full-year,fish,age,35-44,2009,participants,244535.48592330178,FL
full-year,fish,age,35-44,2010,participants,270765.4777531804,FL
full-year,fish,age,35-44,2011,participants,291132.09838497074,FL
full-year,fish,age,35-44,2012,participants,293020.6447652787,FL
full-year,fish,age,35-44,2013,participants,311730.4075927214,FL
full-year,fish,age,35-44,2014,participants,318397.1248434383,FL
full-year,fish,age,45-54,2009,participants,292076.5510818675,FL
full-year,fish,age,45-54,2010,participants,329168.26579887245,FL
full-year,fish,age,45-54,2011,participants,356186.6382840381,FL
full-year,fish,age,45-54,2012,participants,357993.0202417693,FL
full-year,fish,age,45-54,2013,participants,383762.1670892324,FL
full-year,fish,age,45-54,2014,participants,390769.6965490465,FL
full-year,fish,age,55-64,2009,participants,228976.59187140752,FL
full-year,fish,age,55-64,2010,participants,259952.1959621004,FL
full-year,fish,age,55-64,2011,participants,285994.37009692955,FL
full-year,fish,age,55-64,2012,participants,295761.833331178,FL
full-year,fish,age,55-64,2013,participants,324079.657385178,FL
full-year,fish,age,55-64,2014,participants,339314.7558793091,FL
full-year,fish,gender,female,2009,participants,247142,FL
full-year,fish,gender,female,2010,participants,273619,FL
full-year,fish,gender,female,2011,participants,317088,FL
full-year,fish,gender,female,2012,participants,323400,FL
full-year,fish,gender,female,2013,participants,352931,FL
full-year,fish,gender,female,2014,participants,368862,FL
full-year,fish,gender,male,2009,participants,827595,FL
full-year,fish,gender,male,2010,participants,941392,FL
full-year,fish,gender,male,2011,participants,1018607,FL
full-year,fish,gender,male,2012,participants,1036394,FL
full-year,fish,gender,male,2013,participants,1126125,FL
full-year,fish,gender,male,2014,participants,1159423,FL
full-year,fish,residency,nonresident,2009,participants,160277,FL
full-year,fish,residency,nonresident,2010,participants,294378,FL
full-year,fish,residency,nonresident,2011,participants,330090,FL
full-year,fish,residency,nonresident,2012,participants,351791,FL
full-year,fish,residency,nonresident,2013,participants,416549,FL
full-year,fish,residency,nonresident,2014,participants,407002,FL
full-year,fish,residency,resident,2009,participants,914460,FL
full-year,fish,residency,resident,2010,participants,920633,FL
full-year,fish,residency,resident,2011,participants,1005605,FL
full-year,fish,residency,resident,2012,participants,1008003,FL
full-year,fish,residency,resident,2013,participants,1062507,FL
full-year,fish,residency,resident,2014,participants,1121283,FL
full-year,fish,age,18-24,2014,recruits,88126.10888312123,FL
full-year,fish,age,25-34,2014,recruits,119302.6172694798,FL
full-year,fish,age,35-44,2014,recruits,108299.69299787898,FL
full-year,fish,age,45-54,2014,recruits,114266.48389707525,FL
full-year,fish,age,55-64,2014,recruits,90476.09695244474,FL
full-year,fish,gender,female,2014,recruits,150085,FL
full-year,fish,gender,male,2014,recruits,370386,FL
full-year,fish,residency,nonresident,2014,recruits,213252,FL
full-year,fish,residency,resident,2014,recruits,307219,FL
full-year,hunt,age,18-24,2009,participants,18395.866128637503,FL
full-year,hunt,age,18-24,2010,participants,18466.800414063182,FL
full-year,hunt,age,18-24,2011,participants,18104.21861725594,FL
full-year,hunt,age,18-24,2012,participants,18959.329151024584,FL
full-year,hunt,age,18-24,2013,participants,20763.99828099328,FL
full-year,hunt,age,18-24,2014,participants,21849.343264045237,FL
full-year,hunt,age,25-34,2009,participants,30284.16886417692,FL
full-year,hunt,age,25-34,2010,participants,30621.980007732505,FL
full-year,hunt,age,25-34,2011,participants,30530.164183525558,FL
full-year,hunt,age,25-34,2012,participants,31928.55835069033,FL
full-year,hunt,age,25-34,2013,participants,35510.19689058581,FL
full-year,hunt,age,25-34,2014,participants,36294.16957257797,FL
full-year,hunt,age,35-44,2009,participants,41544.16934112346,FL
full-year,hunt,age,35-44,2010,participants,40866.76538706177,FL
full-year,hunt,age,35-44,2011,participants,39289.301518875654,FL
full-year,hunt,age,35-44,2012,participants,38579.39201037678,FL
full-year,hunt,age,35-44,2013,participants,39849.02009600711,FL
full-year,hunt,age,35-44,2014,participants,38617.41977764979,FL
full-year,hunt,age,45-54,2009,participants,43839.0175905414,FL
full-year,hunt,age,45-54,2010,participants,44414.34579264414,FL
full-year,hunt,age,45-54,2011,participants,44677.70830654818,FL
full-year,hunt,age,45-54,2012,participants,44480.427543371705,FL
full-year,hunt,age,45-54,2013,participants,46735.82732752925,FL
full-year,hunt,age,45-54,2014,participants,45950.34036686039,FL
full-year,hunt,age,55-64,2009,participants,30064.77807552072,FL
full-year,hunt,age,55-64,2010,participants,30959.108398498396,FL
full-year,hunt,age,55-64,2011,participants,31659.607373794668,FL
full-year,hunt,age,55-64,2012,participants,32124.2929445366,FL
full-year,hunt,age,55-64,2013,participants,34286.95740488455,FL
full-year,hunt,age,55-64,2014,participants,35647.72701886661,FL
full-year,hunt,gender,female,2009,participants,12115,FL
full-year,hunt,gender,female,2010,participants,12217,FL
full-year,hunt,gender,female,2011,participants,12685,FL
full-year,hunt,gender,female,2012,participants,13478,FL
full-year,hunt,gender,female,2013,participants,15420,FL
full-year,hunt,gender,female,2014,participants,16162,FL
full-year,hunt,gender,male,2009,participants,152013,FL
full-year,hunt,gender,male,2010,participants,153112,FL
full-year,hunt,gender,male,2011,participants,151576,FL
full-year,hunt,gender,male,2012,participants,152594,FL
full-year,hunt,gender,male,2013,participants,161726,FL
full-year,hunt,gender,male,2014,participants,162197,FL
full-year,hunt,residency,nonresident,2009,participants,5817,FL
full-year,hunt,residency,nonresident,2010,participants,6470,FL
full-year,hunt,residency,nonresident,2011,participants,6545,FL
full-year,hunt,residency,nonresident,2012,participants,7179,FL
full-year,hunt,residency,nonresident,2013,participants,8373,FL
full-year,hunt,residency,nonresident,2014,participants,8169,FL
full-year,hunt,residency,resident,2009,participants,158311,FL
full-year,hunt,residency,resident,2010,participants,158859,FL
full-year,hunt,residency,resident,2011,participants,157716,FL
full-year,hunt,residency,resident,2012,participants,158893,FL
full-year,hunt,residency,resident,2013,participants,168773,FL
full-year,hunt,residency,resident,2014,participants,170190,FL
full-year,hunt,age,18-24,2014,recruits,8390.164361330271,FL
full-year,hunt,age,25-34,2014,recruits,11155.61315290123,FL
full-year,hunt,age,35-44,2014,recruits,9049.072081294318,FL
full-year,hunt,age,45-54,2014,recruits,8237.437406371717,FL
full-year,hunt,age,55-64,2014,recruits,6860.712998102466,FL
full-year,hunt,gender,female,2014,recruits,6290,FL
full-year,hunt,gender,male,2014,recruits,37403,FL
full-year,hunt,residency,nonresident,2014,recruits,4428,FL
full-year,hunt,residency,resident,2014,recruits,39265,FL
full-year,all_sports,age,18-24,2015,churn,0.35007723951,FL
full-year,all_sports,age,25-34,2015,churn,0.39542161084,FL
full-year,all_sports,age,35-44,2015,churn,0.4495144974,FL
full-year,all_sports,age,45-54,2015,churn,0.48994728776999996,FL
full-year,all_sports,age,55-64,2015,churn,0.50290467885,FL
full-year,all_sports,all,all,2015,churn,0.45074937886,FL
full-year,all_sports,gender,female,2015,churn,0.38247555564,FL
full-year,all_sports,gender,male,2015,churn,0.47171728014000003,FL
full-year,all_sports,residency,nonresident,2015,churn,0.33094739828999997,FL
full-year,all_sports,residency,resident,2015,churn,0.49683662043,FL
full-year,all_sports,all,all,2015,participants,1569365,FL
full-year,all_sports,all,all,2015,recruits,522148,FL
full-year,fish,age,18-24,2015,churn,0.32742172725,FL
full-year,fish,age,25-34,2015,churn,0.37652305055,FL
full-year,fish,age,35-44,2015,churn,0.43325171661,FL
full-year,fish,age,45-54,2015,churn,0.47838400216,FL
full-year,fish,age,55-64,2015,churn,0.4964352,FL
full-year,fish,all,all,2015,churn,0.43688406659,FL
full-year,fish,gender,female,2015,churn,0.37638235236,FL
full-year,fish,gender,male,2015,churn,0.45584548785,FL
full-year,fish,residency,nonresident,2015,churn,0.32896009833,FL
full-year,fish,residency,resident,2015,churn,0.4791949606,FL
full-year,fish,all,all,2015,participants,1528285,FL
full-year,fish,all,all,2015,recruits,520471,FL
full-year,hunt,age,18-24,2015,churn,0.52371925974,FL
full-year,hunt,age,25-34,2015,churn,0.55903628515,FL
full-year,hunt,age,35-44,2015,churn,0.61136381358,FL
full-year,hunt,age,45-54,2015,churn,0.65526794025,FL
full-year,hunt,age,55-64,2015,churn,0.63242002235,FL
full-year,hunt,all,all,2015,churn,0.6029828503,FL
full-year,hunt,gender,female,2015,churn,0.48968871595,FL
full-year,hunt,gender,male,2015,churn,0.61378504384,FL
full-year,hunt,residency,nonresident,2015,churn,0.34133524424,FL
full-year,hunt,residency,resident,2015,churn,0.61596345387,FL
full-year,hunt,all,all,2015,participants,178359,FL
full-year,hunt,all,all,2015,recruits,43693,FL
full-year,all_sports,age,18-24,2015,participants,184641.44716713487,FL
full-year,all_sports,age,25-34,2015,participants,310660.3261202125,FL
full-year,all_sports,age,35-44,2015,participants,327770.26727023243,FL
full-year,all_sports,age,45-54,2015,participants,400570.9207159347,FL
full-year,all_sports,age,55-64,2015,participants,345722.0387264855,FL
full-year,all_sports,gender,female,2015,participants,373436,FL
full-year,all_sports,gender,male,2015,participants,1195929,FL
full-year,all_sports,residency,nonresident,2015,participants,413118,FL
full-year,all_sports,residency,resident,2015,participants,1156247,FL
full-year,all_sports,age,18-24,2015,recruits,88456.3263519303,FL
full-year,all_sports,age,25-34,2015,recruits,119806.81879034519,FL
full-year,all_sports,age,35-44,2015,recruits,108551.11899531414,FL
full-year,all_sports,age,45-54,2015,recruits,114564.60870412303,FL
full-year,all_sports,age,55-64,2015,recruits,90769.12715828733,FL
full-year,all_sports,gender,female,2015,recruits,150404,FL
full-year,all_sports,gender,male,2015,recruits,371744,FL
full-year,all_sports,residency,nonresident,2015,recruits,215532,FL
full-year,all_sports,residency,resident,2015,recruits,306616,FL
full-year,fish,age,18-24,2015,participants,178492.4765072423,FL
full-year,fish,age,25-34,2015,participants,301310.94622096384,FL
full-year,fish,age,35-44,2015,participants,318397.1248434383,FL
full-year,fish,age,45-54,2015,participants,390769.6965490465,FL
full-year,fish,age,55-64,2015,participants,339314.7558793091,FL
full-year,fish,gender,female,2015,participants,368862,FL
full-year,fish,gender,male,2015,participants,1159423,FL
full-year,fish,residency,nonresident,2015,participants,407002,FL
full-year,fish,residency,resident,2015,participants,1121283,FL
full-year,fish,age,18-24,2015,recruits,88126.10888312123,FL
full-year,fish,age,25-34,2015,recruits,119302.6172694798,FL
full-year,fish,age,35-44,2015,recruits,108299.69299787898,FL
full-year,fish,age,45-54,2015,recruits,114266.48389707525,FL
full-year,fish,age,55-64,2015,recruits,90476.09695244474,FL
full-year,fish,gender,female,2015,recruits,150085,FL
full-year,fish,gender,male,2015,recruits,370386,FL
full-year,fish,residency,nonresident,2015,recruits,213252,FL
full-year,fish,residency,resident,2015,recruits,307219,FL
full-year,hunt,age,18-24,2015,participants,21849.343264045237,FL
full-year,hunt,age,25-34,2015,participants,36294.16957257797,FL
full-year,hunt,age,35-44,2015,participants,38617.41977764979,FL
full-year,hunt,age,45-54,2015,participants,45950.34036686039,FL
full-year,hunt,age,55-64,2015,participants,35647.72701886661,FL
full-year,hunt,gender,female,2015,participants,16162,FL
full-year,hunt,gender,male,2015,participants,162197,FL
full-year,hunt,residency,nonresident,2015,participants,8169,FL
full-year,hunt,residency,resident,2015,participants,170190,FL
full-year,hunt,age,18-24,2015,recruits,8390.164361330271,FL
full-year,hunt,age,25-34,2015,recruits,11155.61315290123,FL
full-year,hunt,age,35-44,2015,recruits,9049.072081294318,FL
full-year,hunt,age,45-54,2015,recruits,8237.437406371717,FL
full-year,hunt,age,55-64,2015,recruits,6860.712998102466,FL
full-year,hunt,gender,female,2015,recruits,6290,FL
full-year,hunt,gender,male,2015,recruits,37403,FL
full-year,hunt,residency,nonresident,2015,recruits,4428,FL
full-year,hunt,residency,resident,2015,recruits,39265,FL
full-year,all_sports,age,18-24,2016,churn,0.35007723951,FL
full-year,all_sports,age,25-34,2016,churn,0.39542161084,FL
full-year,all_sports,age,35-44,2016,churn,0.4495144974,FL
full-year,all_sports,age,45-54,2016,churn,0.48994728776999996,FL
full-year,all_sports,age,55-64,2016,churn,0.50290467885,FL
full-year,all_sports,all,all,2016,churn,0.45074937886,FL
full-year,all_sports,gender,female,2016,churn,0.38247555564,FL
full-year,all_sports,gender,male,2016,churn,0.47171728014000003,FL
full-year,all_sports,residency,nonresident,2016,churn,0.33094739828999997,FL
full-year,all_sports,residency,resident,2016,churn,0.49683662043,FL
full-year,all_sports,all,all,2016,participants,1569365,FL
full-year,all_sports,all,all,2016,recruits,522148,FL
full-year,fish,age,18-24,2016,churn,0.32742172725,FL
full-year,fish,age,25-34,2016,churn,0.37652305055,FL
full-year,fish,age,35-44,2016,churn,0.43325171661,FL
full-year,fish,age,45-54,2016,churn,0.47838400216,FL
full-year,fish,age,55-64,2016,churn,0.4964352,FL
full-year,fish,all,all,2016,churn,0.43688406659,FL
full-year,fish,gender,female,2016,churn,0.37638235236,FL
full-year,fish,gender,male,2016,churn,0.45584548785,FL
full-year,fish,residency,nonresident,2016,churn,0.32896009833,FL
full-year,fish,residency,resident,2016,churn,0.4791949606,FL
full-year,fish,all,all,2016,participants,1528285,FL
full-year,fish,all,all,2016,recruits,520471,FL
full-year,hunt,age,18-24,2016,churn,0.52371925974,FL
full-year,hunt,age,25-34,2016,churn,0.55903628515,FL
full-year,hunt,age,35-44,2016,churn,0.61136381358,FL
full-year,hunt,age,45-54,2016,churn,0.65526794025,FL
full-year,hunt,age,55-64,2016,churn,0.63242002235,FL
full-year,hunt,all,all,2016,churn,0.6029828503,FL
full-year,hunt,gender,female,2016,churn,0.48968871595,FL
full-year,hunt,gender,male,2016,churn,0.61378504384,FL
full-year,hunt,residency,nonresident,2016,churn,0.34133524424,FL
full-year,hunt,residency,resident,2016,churn,0.61596345387,FL
full-year,hunt,all,all,2016,participants,178359,FL
full-year,hunt,all,all,2016,recruits,43693,FL
full-year,all_sports,age,18-24,2016,participants,184641.44716713487,FL
full-year,all_sports,age,25-34,2016,participants,310660.3261202125,FL
full-year,all_sports,age,35-44,2016,participants,327770.26727023243,FL
full-year,all_sports,age,45-54,2016,participants,400570.9207159347,FL
full-year,all_sports,age,55-64,2016,participants,345722.0387264855,FL
full-year,all_sports,gender,female,2016,participants,373436,FL
full-year,all_sports,gender,male,2016,participants,1195929,FL
full-year,all_sports,residency,nonresident,2016,participants,413118,FL
full-year,all_sports,residency,resident,2016,participants,1156247,FL
full-year,all_sports,age,18-24,2016,recruits,88456.3263519303,FL
full-year,all_sports,age,25-34,2016,recruits,119806.81879034519,FL
full-year,all_sports,age,35-44,2016,recruits,108551.11899531414,FL
full-year,all_sports,age,45-54,2016,recruits,114564.60870412303,FL
full-year,all_sports,age,55-64,2016,recruits,90769.12715828733,FL
full-year,all_sports,gender,female,2016,recruits,150404,FL
full-year,all_sports,gender,male,2016,recruits,371744,FL
full-year,all_sports,residency,nonresident,2016,recruits,215532,FL
full-year,all_sports,residency,resident,2016,recruits,306616,FL
full-year,fish,age,18-24,2016,participants,178492.4765072423,FL
full-year,fish,age,25-34,2016,participants,301310.94622096384,FL
full-year,fish,age,35-44,2016,participants,318397.1248434383,FL
full-year,fish,age,45-54,2016,participants,390769.6965490465,FL
full-year,fish,age,55-64,2016,participants,339314.7558793091,FL
full-year,fish,gender,female,2016,participants,368862,FL
full-year,fish,gender,male,2016,participants,1159423,FL
full-year,fish,residency,nonresident,2016,participants,407002,FL
full-year,fish,residency,resident,2016,participants,1121283,FL
full-year,fish,age,18-24,2016,recruits,88126.10888312123,FL
full-year,fish,age,25-34,2016,recruits,119302.6172694798,FL
full-year,fish,age,35-44,2016,recruits,108299.69299787898,FL
full-year,fish,age,45-54,2016,recruits,114266.48389707525,FL
full-year,fish,age,55-64,2016,recruits,90476.09695244474,FL
full-year,fish,gender,female,2016,recruits,150085,FL
full-year,fish,gender,male,2016,recruits,370386,FL
full-year,fish,residency,nonresident,2016,recruits,213252,FL
full-year,fish,residency,resident,2016,recruits,307219,FL
full-year,hunt,age,18-24,2016,participants,21849.343264045237,FL
full-year,hunt,age,25-34,2016,participants,36294.16957257797,FL
full-year,hunt,age,35-44,2016,participants,38617.41977764979,FL
full-year,hunt,age,45-54,2016,participants,45950.34036686039,FL
full-year,hunt,age,55-64,2016,participants,35647.72701886661,FL
full-year,hunt,gender,female,2016,participants,16162,FL
full-year,hunt,gender,male,2016,participants,162197,FL
full-year,hunt,residency,nonresident,2016,participants,8169,FL
full-year,hunt,residency,resident,2016,participants,170190,FL
full-year,hunt,age,18-24,2016,recruits,8390.164361330271,FL
full-year,hunt,age,25-34,2016,recruits,11155.61315290123,FL
full-year,hunt,age,35-44,2016,recruits,9049.072081294318,FL
full-year,hunt,age,45-54,2016,recruits,8237.437406371717,FL
full-year,hunt,age,55-64,2016,recruits,6860.712998102466,FL
full-year,hunt,gender,female,2016,recruits,6290,FL
full-year,hunt,gender,male,2016,recruits,37403,FL
full-year,hunt,residency,nonresident,2016,recruits,4428,FL
full-year,hunt,residency,resident,2016,recruits,39265,FL
full-year,all_sports,age,18-24,2017,churn,0.35007723951,FL
full-year,all_sports,age,25-34,2017,churn,0.39542161084,FL
full-year,all_sports,age,35-44,2017,churn,0.4495144974,FL
full-year,all_sports,age,45-54,2017,churn,0.48994728776999996,FL
full-year,all_sports,age,55-64,2017,churn,0.50290467885,FL
full-year,all_sports,all,all,2017,churn,0.45074937886,FL
full-year,all_sports,gender,female,2017,churn,0.38247555564,FL
full-year,all_sports,gender,male,2017,churn,0.47171728014000003,FL
full-year,all_sports,residency,nonresident,2017,churn,0.33094739828999997,FL
full-year,all_sports,residency,resident,2017,churn,0.49683662043,FL
full-year,all_sports,all,all,2017,participants,1569365,FL
full-year,all_sports,all,all,2017,recruits,522148,FL
full-year,fish,age,18-24,2017,churn,0.32742172725,FL
full-year,fish,age,25-34,2017,churn,0.37652305055,FL
full-year,fish,age,35-44,2017,churn,0.43325171661,FL
full-year,fish,age,45-54,2017,churn,0.47838400216,FL
full-year,fish,age,55-64,2017,churn,0.4964352,FL
full-year,fish,all,all,2017,churn,0.43688406659,FL
full-year,fish,gender,female,2017,churn,0.37638235236,FL
full-year,fish,gender,male,2017,churn,0.45584548785,FL
full-year,fish,residency,nonresident,2017,churn,0.32896009833,FL
full-year,fish,residency,resident,2017,churn,0.4791949606,FL
full-year,fish,all,all,2017,participants,1528285,FL
full-year,fish,all,all,2017,recruits,520471,FL
full-year,hunt,age,18-24,2017,churn,0.52371925974,FL
full-year,hunt,age,25-34,2017,churn,0.55903628515,FL
full-year,hunt,age,35-44,2017,churn,0.61136381358,FL
full-year,hunt,age,45-54,2017,churn,0.65526794025,FL
full-year,hunt,age,55-64,2017,churn,0.63242002235,FL
full-year,hunt,all,all,2017,churn,0.6029828503,FL
full-year,hunt,gender,female,2017,churn,0.48968871595,FL
full-year,hunt,gender,male,2017,churn,0.61378504384,FL
full-year,hunt,residency,nonresident,2017,churn,0.34133524424,FL
full-year,hunt,residency,resident,2017,churn,0.61596345387,FL
full-year,hunt,all,all,2017,participants,178359,FL
full-year,hunt,all,all,2017,recruits,43693,FL
full-year,all_sports,age,18-24,2017,participants,184641.44716713487,FL
full-year,all_sports,age,25-34,2017,participants,310660.3261202125,FL
full-year,all_sports,age,35-44,2017,participants,327770.26727023243,FL
full-year,all_sports,age,45-54,2017,participants,400570.9207159347,FL
full-year,all_sports,age,55-64,2017,participants,345722.0387264855,FL
full-year,all_sports,gender,female,2017,participants,373436,FL
full-year,all_sports,gender,male,2017,participants,1195929,FL
full-year,all_sports,residency,nonresident,2017,participants,413118,FL
full-year,all_sports,residency,resident,2017,participants,1156247,FL
full-year,all_sports,age,18-24,2017,recruits,88456.3263519303,FL
full-year,all_sports,age,25-34,2017,recruits,119806.81879034519,FL
full-year,all_sports,age,35-44,2017,recruits,108551.11899531414,FL
full-year,all_sports,age,45-54,2017,recruits,114564.60870412303,FL
full-year,all_sports,age,55-64,2017,recruits,90769.12715828733,FL
full-year,all_sports,gender,female,2017,recruits,150404,FL
full-year,all_sports,gender,male,2017,recruits,371744,FL
full-year,all_sports,residency,nonresident,2017,recruits,215532,FL
full-year,all_sports,residency,resident,2017,recruits,306616,FL
full-year,fish,age,18-24,2017,participants,178492.4765072423,FL
full-year,fish,age,25-34,2017,participants,301310.94622096384,FL
full-year,fish,age,35-44,2017,participants,318397.1248434383,FL
full-year,fish,age,45-54,2017,participants,390769.6965490465,FL
full-year,fish,age,55-64,2017,participants,339314.7558793091,FL
full-year,fish,gender,female,2017,participants,368862,FL
full-year,fish,gender,male,2017,participants,1159423,FL
full-year,fish,residency,nonresident,2017,participants,407002,FL
full-year,fish,residency,resident,2017,participants,1121283,FL
full-year,fish,age,18-24,2017,recruits,88126.10888312123,FL
full-year,fish,age,25-34,2017,recruits,119302.6172694798,FL
full-year,fish,age,35-44,2017,recruits,108299.69299787898,FL
full-year,fish,age,45-54,2017,recruits,114266.48389707525,FL
full-year,fish,age,55-64,2017,recruits,90476.09695244474,FL
full-year,fish,gender,female,2017,recruits,150085,FL
full-year,fish,gender,male,2017,recruits,370386,FL
full-year,fish,residency,nonresident,2017,recruits,213252,FL
full-year,fish,residency,resident,2017,recruits,307219,FL
full-year,hunt,age,18-24,2017,participants,21849.343264045237,FL
full-year,hunt,age,25-34,2017,participants,36294.16957257797,FL
full-year,hunt,age,35-44,2017,participants,38617.41977764979,FL
full-year,hunt,age,45-54,2017,participants,45950.34036686039,FL
full-year,hunt,age,55-64,2017,participants,35647.72701886661,FL
full-year,hunt,gender,female,2017,participants,16162,FL
full-year,hunt,gender,male,2017,participants,162197,FL
full-year,hunt,residency,nonresident,2017,participants,8169,FL
full-year,hunt,residency,resident,2017,participants,170190,FL
full-year,hunt,age,18-24,2017,recruits,8390.164361330271,FL
full-year,hunt,age,25-34,2017,recruits,11155.61315290123,FL
full-year,hunt,age,35-44,2017,recruits,9049.072081294318,FL
full-year,hunt,age,45-54,2017,recruits,8237.437406371717,FL
full-year,hunt,age,55-64,2017,recruits,6860.712998102466,FL
full-year,hunt,gender,female,2017,recruits,6290,FL
full-year,hunt,gender,male,2017,recruits,37403,FL
full-year,hunt,residency,nonresident,2017,recruits,4428,FL
full-year,hunt,residency,resident,2017,recruits,39265,FL
full-year,all_sports,age,18-24,2018,churn,0.35007723951,FL
full-year,all_sports,age,25-34,2018,churn,0.39542161084,FL
full-year,all_sports,age,35-44,2018,churn,0.4495144974,FL
full-year,all_sports,age,45-54,2018,churn,0.48994728776999996,FL
full-year,all_sports,age,55-64,2018,churn,0.50290467885,FL
full-year,all_sports,all,all,2018,churn,0.45074937886,FL
full-year,all_sports,gender,female,2018,churn,0.38247555564,FL
full-year,all_sports,gender,male,2018,churn,0.47171728014000003,FL
full-year,all_sports,residency,nonresident,2018,churn,0.33094739828999997,FL
full-year,all_sports,residency,resident,2018,churn,0.49683662043,FL
full-year,all_sports,all,all,2018,participants,1569365,FL
full-year,all_sports,all,all,2018,recruits,522148,FL
full-year,fish,age,18-24,2018,churn,0.32742172725,FL
full-year,fish,age,25-34,2018,churn,0.37652305055,FL
full-year,fish,age,35-44,2018,churn,0.43325171661,FL
full-year,fish,age,45-54,2018,churn,0.47838400216,FL
full-year,fish,age,55-64,2018,churn,0.4964352,FL
full-year,fish,all,all,2018,churn,0.43688406659,FL
full-year,fish,gender,female,2018,churn,0.37638235236,FL
full-year,fish,gender,male,2018,churn,0.45584548785,FL
full-year,fish,residency,nonresident,2018,churn,0.32896009833,FL
full-year,fish,residency,resident,2018,churn,0.4791949606,FL
full-year,fish,all,all,2018,participants,1528285,FL
full-year,fish,all,all,2018,recruits,520471,FL
full-year,hunt,age,18-24,2018,churn,0.52371925974,FL
full-year,hunt,age,25-34,2018,churn,0.55903628515,FL
full-year,hunt,age,35-44,2018,churn,0.61136381358,FL
full-year,hunt,age,45-54,2018,churn,0.65526794025,FL
full-year,hunt,age,55-64,2018,churn,0.63242002235,FL
full-year,hunt,all,all,2018,churn,0.6029828503,FL
full-year,hunt,gender,female,2018,churn,0.48968871595,FL
full-year,hunt,gender,male,2018,churn,0.61378504384,FL
full-year,hunt,residency,nonresident,2018,churn,0.34133524424,FL
full-year,hunt,residency,resident,2018,churn,0.61596345387,FL
full-year,hunt,all,all,2018,participants,178359,FL
full-year,hunt,all,all,2018,recruits,43693,FL
full-year,all_sports,age,18-24,2018,participants,184641.44716713487,FL
full-year,all_sports,age,25-34,2018,participants,310660.3261202125,FL
full-year,all_sports,age,35-44,2018,participants,327770.26727023243,FL
full-year,all_sports,age,45-54,2018,participants,400570.9207159347,FL
full-year,all_sports,age,55-64,2018,participants,345722.0387264855,FL
full-year,all_sports,gender,female,2018,participants,373436,FL
full-year,all_sports,gender,male,2018,participants,1195929,FL
full-year,all_sports,residency,nonresident,2018,participants,413118,FL
full-year,all_sports,residency,resident,2018,participants,1156247,FL
full-year,all_sports,age,18-24,2018,recruits,88456.3263519303,FL
full-year,all_sports,age,25-34,2018,recruits,119806.81879034519,FL
full-year,all_sports,age,35-44,2018,recruits,108551.11899531414,FL
full-year,all_sports,age,45-54,2018,recruits,114564.60870412303,FL
full-year,all_sports,age,55-64,2018,recruits,90769.12715828733,FL
full-year,all_sports,gender,female,2018,recruits,150404,FL
full-year,all_sports,gender,male,2018,recruits,371744,FL
full-year,all_sports,residency,nonresident,2018,recruits,215532,FL
full-year,all_sports,residency,resident,2018,recruits,306616,FL
full-year,fish,age,18-24,2018,participants,178492.4765072423,FL
full-year,fish,age,25-34,2018,participants,301310.94622096384,FL
full-year,fish,age,35-44,2018,participants,318397.1248434383,FL
full-year,fish,age,45-54,2018,participants,390769.6965490465,FL
full-year,fish,age,55-64,2018,participants,339314.7558793091,FL
full-year,fish,gender,female,2018,participants,368862,FL
full-year,fish,gender,male,2018,participants,1159423,FL
full-year,fish,residency,nonresident,2018,participants,407002,FL
full-year,fish,residency,resident,2018,participants,1121283,FL
full-year,fish,age,18-24,2018,recruits,88126.10888312123,FL
full-year,fish,age,25-34,2018,recruits,119302.6172694798,FL
full-year,fish,age,35-44,2018,recruits,108299.69299787898,FL
full-year,fish,age,45-54,2018,recruits,114266.48389707525,FL
full-year,fish,age,55-64,2018,recruits,90476.09695244474,FL
full-year,fish,gender,female,2018,recruits,150085,FL
full-year,fish,gender,male,2018,recruits,370386,FL
full-year,fish,residency,nonresident,2018,recruits,213252,FL
full-year,fish,residency,resident,2018,recruits,307219,FL
full-year,hunt,age,18-24,2018,participants,21849.343264045237,FL
full-year,hunt,age,25-34,2018,participants,36294.16957257797,FL
full-year,hunt,age,35-44,2018,participants,38617.41977764979,FL
full-year,hunt,age,45-54,2018,participants,45950.34036686039,FL
full-year,hunt,age,55-64,2018,participants,35647.72701886661,FL
full-year,hunt,gender,female,2018,participants,16162,FL
full-year,hunt,gender,male,2018,participants,162197,FL
full-year,hunt,residency,nonresident,2018,participants,8169,FL
full-year,hunt,residency,resident,2018,participants,170190,FL
full-year,hunt,age,18-24,2018,recruits,8390.164361330271,FL
full-year,hunt,age,25-34,2018,recruits,11155.61315290123,FL
full-year,hunt,age,35-44,2018,recruits,9049.072081294318,FL
full-year,hunt,age,45-54,2018,recruits,8237.437406371717,FL
full-year,hunt,age,55-64,2018,recruits,6860.712998102466,FL
full-year,hunt,gender,female,2018,recruits,6290,FL
full-year,hunt,gender,male,2018,recruits,37403,FL
full-year,hunt,residency,nonresident,2018,recruits,4428,FL
full-year,hunt,residency,resident,2018,recruits,39265,FL
full-year,all_sports,age,18-24,2009,rate,0.06963786286121634,FL
full-year,all_sports,age,18-24,2010,rate,0.07886645637250086,FL
full-year,all_sports,age,18-24,2011,rate,0.08814779856766865,FL
full-year,all_sports,age,18-24,2012,rate,0.08945816336409683,FL
full-year,all_sports,age,18-24,2013,rate,0.09902589034515416,FL
full-year,all_sports,age,18-24,2014,rate,0.10117166037816631,FL
full-year,all_sports,age,18-24,2015,rate,0.10073898546497413,FL
full-year,all_sports,age,18-24,2016,rate,0.10054525019230381,FL
full-year,all_sports,age,18-24,2017,rate,0.10079874696008445,FL
full-year,all_sports,age,18-24,2018,rate,0.09927245886042224,FL
full-year,all_sports,age,25-34,2009,rate,0.09084863738666957,FL
full-year,all_sports,age,25-34,2010,rate,0.10236495259549078,FL
full-year,all_sports,age,25-34,2011,rate,0.11254735656108406,FL
full-year,all_sports,age,25-34,2012,rate,0.11355615694197363,FL
full-year,all_sports,age,25-34,2013,rate,0.1230968961592087,FL
full-year,all_sports,age,25-34,2014,rate,0.12576064535963477,FL
full-year,all_sports,age,25-34,2015,rate,0.1222281037901182,FL
full-year,all_sports,age,25-34,2016,rate,0.11853241698546424,FL
full-year,all_sports,age,25-34,2017,rate,0.11539289819101418,FL
full-year,all_sports,age,25-34,2018,rate,0.11364562639839734,FL
full-year,all_sports,age,35-44,2009,rate,0.10173141328088751,FL
full-year,all_sports,age,35-44,2010,rate,0.11088323047009406,FL
full-year,all_sports,age,35-44,2011,rate,0.11958261395366193,FL
full-year,all_sports,age,35-44,2012,rate,0.12149207889948438,FL
full-year,all_sports,age,35-44,2013,rate,0.12968942510126677,FL
full-year,all_sports,age,35-44,2014,rate,0.13207314104053552,FL
full-year,all_sports,age,35-44,2015,rate,0.13117277003479852,FL
full-year,all_sports,age,35-44,2016,rate,0.1301085635497361,FL
full-year,all_sports,age,35-44,2017,rate,0.12853526336086687,FL
full-year,all_sports,age,35-44,2018,rate,0.12658899072582783,FL
full-year,all_sports,age,45-54,2009,rate,0.11291276020099815,FL
full-year,all_sports,age,45-54,2010,rate,0.1254207748210043,FL
full-year,all_sports,age,45-54,2011,rate,0.13298090243883612,FL
full-year,all_sports,age,45-54,2012,rate,0.13213484143878704,FL
full-year,all_sports,age,45-54,2013,rate,0.14039037260806106,FL
full-year,all_sports,age,45-54,2014,rate,0.1421905082679625,FL
full-year,all_sports,age,45-54,2015,rate,0.14162919867288123,FL
full-year,all_sports,age,45-54,2016,rate,0.14102973684772913,FL
full-year,all_sports,age,45-54,2017,rate,0.14066475472289944,FL
full-year,all_sports,age,45-54,2018,rate,0.13853481811505172,FL
full-year,all_sports,age,55-64,2009,rate,0.10514815709658433,FL
full-year,all_sports,age,55-64,2010,rate,0.11781988929073964,FL
full-year,all_sports,age,55-64,2011,rate,0.12515671665055908,FL
full-year,all_sports,age,55-64,2012,rate,0.12572490028432945,FL
full-year,all_sports,age,55-64,2013,rate,0.13404269155837228,FL
full-year,all_sports,age,55-64,2014,rate,0.13651394795134564,FL
full-year,all_sports,age,55-64,2015,rate,0.1327632629674786,FL
full-year,all_sports,age,55-64,2016,rate,0.12924786005076513,FL
full-year,all_sports,age,55-64,2017,rate,0.12618580073382313,FL
full-year,all_sports,age,55-64,2018,rate,0.12427510350975303,FL
full-year,all_sports,all,all,2009,rate,0.09804217363112147,FL
full-year,all_sports,all,all,2010,rate,0.1091511475366628,FL
full-year,all_sports,all,all,2011,rate,0.11770646224019393,FL
full-year,all_sports,all,all,2012,rate,0.11842232049673598,FL
full-year,all_sports,all,all,2013,rate,0.1271321342894068,FL
full-year,all_sports,all,all,2014,rate,0.12941443776833322,FL
full-year,all_sports,all,all,2015,rate,0.12753219434384871,FL
full-year,all_sports,all,all,2016,rate,0.12563259600763993,FL
full-year,all_sports,all,all,2017,rate,0.12394773717095182,FL
full-year,all_sports,all,all,2018,rate,0.12207092856043411,FL
full-year,all_sports,gender,female,2009,rate,0.04337306648105796,FL
full-year,all_sports,gender,female,2010,rate,0.04745916226052656,FL
full-year,all_sports,gender,female,2011,rate,0.054152793469816385,FL
full-year,all_sports,gender,female,2012,rate,0.05463184646686542,FL
full-year,all_sports,gender,female,2013,rate,0.05899267349436026,FL
full-year,all_sports,gender,female,2014,rate,0.06082101322337515,FL
full-year,all_sports,gender,female,2015,rate,0.059924655011378426,FL
full-year,all_sports,gender,female,2016,rate,0.059058826019992065,FL
full-year,all_sports,gender,female,2017,rate,0.058287023871178595,FL
full-year,all_sports,gender,female,2018,rate,0.05740444552985719,FL
full-year,all_sports,gender,male,2009,rate,0.15416729689548048,FL
full-year,all_sports,gender,male,2010,rate,0.17248619101088472,FL
full-year,all_sports,gender,male,2011,rate,0.18288738137756164,FL
full-year,all_sports,gender,male,2012,rate,0.18386201302583832,FL
full-year,all_sports,gender,male,2013,rate,0.19702246673763008,FL
full-year,all_sports,gender,male,2014,rate,0.19976286144442157,FL
full-year,all_sports,gender,male,2015,rate,0.1968970733938184,FL
full-year,all_sports,gender,male,2016,rate,0.19387418043735777,FL
full-year,all_sports,gender,male,2017,rate,0.19120608863670713,FL
full-year,all_sports,gender,male,2018,rate,0.18831085842333226,FL
full-year,fish,age,18-24,2009,rate,0.06570758633953146,FL
full-year,fish,age,18-24,2010,rate,0.07499956301030478,FL
full-year,fish,age,18-24,2011,rate,0.08464993285140836,FL
full-year,fish,age,18-24,2012,rate,0.08587435701991494,FL
full-year,fish,age,18-24,2013,rate,0.09540627452184253,FL
full-year,fish,age,18-24,2014,rate,0.0978024191767862,FL
full-year,fish,age,18-24,2015,rate,0.0973841533000661,FL
full-year,fish,age,18-24,2016,rate,0.09719686984266107,FL
full-year,fish,age,18-24,2017,rate,0.0974419246045358,FL
full-year,fish,age,18-24,2018,rate,0.09596646529162411,FL
full-year,fish,age,25-34,2009,rate,0.08642393278416735,FL
full-year,fish,age,25-34,2010,rate,0.09803645040401257,FL
full-year,fish,age,25-34,2011,rate,0.10861137020636714,FL
full-year,fish,age,25-34,2012,rate,0.10957103997708566,FL
full-year,fish,age,25-34,2013,rate,0.11910635860309593,FL
full-year,fish,age,25-34,2014,rate,0.12197585550723847,FL
full-year,fish,age,25-34,2015,rate,0.11854962642878172,FL
full-year,fish,age,25-34,2016,rate,0.11496516200117496,FL
full-year,fish,age,25-34,2017,rate,0.11192012760477059,FL
full-year,fish,age,25-34,2018,rate,0.1102254402795057,FL
full-year,fish,age,35-44,2009,rate,0.09668310000544009,FL
full-year,fish,age,35-44,2010,rate,0.1059566299864153,FL
full-year,fish,age,35-44,2011,rate,0.11514797078555482,FL
full-year,fish,age,35-44,2012,rate,0.11715910500258264,FL
full-year,fish,age,35-44,2013,rate,0.12560027314445527,FL
full-year,fish,age,35-44,2014,rate,0.1282962872946575,FL
full-year,fish,age,35-44,2015,rate,0.12742166391314527,FL
full-year,fish,age,35-44,2016,rate,0.1263878902035725,FL
full-year,fish,age,35-44,2017,rate,0.12485958118145304,FL
full-year,fish,age,35-44,2018,rate,0.12296896548797104,FL
full-year,fish,age,45-54,2009,rate,0.10863268825813936,FL
full-year,fish,age,45-54,2010,rate,0.12117358691563512,FL
full-year,fish,age,45-54,2011,rate,0.12902217919478906,FL
full-year,fish,age,45-54,2012,rate,0.12828154906758568,FL
full-year,fish,age,45-54,2013,rate,0.13675122939875828,FL
full-year,fish,age,45-54,2014,rate,0.13871137143135132,FL
full-year,fish,age,45-54,2015,rate,0.1381637960363427,FL
full-year,fish,age,45-54,2016,rate,0.1375790019252556,FL
full-year,fish,age,45-54,2017,rate,0.13722295023305933,FL
full-year,fish,age,45-54,2018,rate,0.1351451292059369,FL
full-year,fish,age,55-64,2009,rate,0.10208761875159804,FL
full-year,fish,age,55-64,2010,rate,0.1147100968885459,FL
full-year,fish,age,55-64,2011,rate,0.12219950149972715,FL
full-year,fish,age,55-64,2012,rate,0.12291634652972709,FL
full-year,fish,age,55-64,2013,rate,0.13136100894264643,FL
full-year,fish,age,55-64,2014,rate,0.13398392851627866,FL
full-year,fish,age,55-64,2015,rate,0.13030275515409132,FL
full-year,fish,age,55-64,2016,rate,0.12685250336541162,FL
full-year,fish,age,55-64,2017,rate,0.12384719333819022,FL
full-year,fish,age,55-64,2018,rate,0.1219719071558779,FL
full-year,fish,all,all,2009,rate,0.09385529064960625,FL
full-year,fish,all,all,2010,rate,0.10501780515513402,FL
full-year,fish,all,all,2011,rate,0.11391915017952732,FL
full-year,fish,all,all,2012,rate,0.11469443954949754,FL
full-year,fish,all,all,2013,rate,0.12352929128189499,FL
full-year,fish,all,all,2014,rate,0.12602686056129528,FL
full-year,fish,all,all,2015,rate,0.12419388710261083,FL
full-year,fish,all,all,2016,rate,0.12234401301770843,FL
full-year,fish,all,all,2017,rate,0.1207032573698968,FL
full-year,fish,all,all,2018,rate,0.11887557646244376,FL
full-year,fish,gender,female,2009,rate,0.042605233772641964,FL
full-year,fish,gender,female,2010,rate,0.046686231187467925,FL
full-year,fish,gender,female,2011,rate,0.05341263577978592,FL
full-year,fish,gender,female,2012,rate,0.05386813161389782,FL
full-year,fish,gender,female,2013,rate,0.05821445956521075,FL
full-year,fish,gender,female,2014,rate,0.0600760520667547,FL
full-year,fish,gender,female,2015,rate,0.05919067282427797,FL
full-year,fish,gender,female,2016,rate,0.058335448867774704,FL
full-year,fish,gender,female,2017,rate,0.05757310007382973,FL
full-year,fish,gender,female,2018,rate,0.05670133192042059,FL
full-year,fish,gender,male,2009,rate,0.14647030321290708,FL
full-year,fish,gender,male,2010,rate,0.16490293863925629,FL
full-year,fish,gender,male,2011,rate,0.17597489453982398,FL
full-year,fish,gender,male,2012,rate,0.1770933313828182,FL
full-year,fish,gender,male,2013,rate,0.19052241463826103,FL
full-year,fish,gender,male,2014,rate,0.19366505545435858,FL
full-year,fish,gender,male,2015,rate,0.19088674622446744,FL
full-year,fish,gender,male,2016,rate,0.1879561277510811,FL
full-year,fish,gender,male,2017,rate,0.18536948004893009,FL
full-year,fish,gender,male,2018,rate,0.18256262738486578,FL
full-year,hunt,age,18-24,2009,rate,0.010676113226014059,FL
full-year,hunt,age,18-24,2010,rate,0.010607444186791168,FL
full-year,hunt,age,18-24,2011,rate,0.010221043869051663,FL
full-year,hunt,age,18-24,2012,rate,0.01055554913541667,FL
full-year,hunt,age,18-24,2013,rate,0.01146838920716388,FL
full-year,hunt,age,18-24,2014,rate,0.011972037536052322,FL
full-year,hunt,age,18-24,2015,rate,0.011920837424457011,FL
full-year,hunt,age,18-24,2016,rate,0.011897911973319839,FL
full-year,hunt,age,18-24,2017,rate,0.011927909235475999,FL
full-year,hunt,age,18-24,2018,rate,0.011747297606175018,FL
full-year,hunt,age,25-34,2009,rate,0.01335832572637433,FL
full-year,hunt,age,25-34,2010,rate,0.013368904093176216,FL
full-year,hunt,age,25-34,2011,rate,0.013135276796322072,FL
full-year,hunt,age,25-34,2012,rate,0.013519232440391958,FL
full-year,hunt,age,25-34,2013,rate,0.014749916845619618,FL
full-year,hunt,age,25-34,2014,rate,0.014692504335018316,FL
full-year,hunt,age,25-34,2015,rate,0.014279800645598369,FL
full-year,hunt,age,25-34,2016,rate,0.013848036843472742,FL
full-year,hunt,age,25-34,2017,rate,0.013481249655275517,FL
full-year,hunt,age,25-34,2018,rate,0.01327711744591809,FL
full-year,hunt,age,35-44,2009,rate,0.016425505950128583,FL
full-year,hunt,age,35-44,2010,rate,0.01599208575180957,FL
full-year,hunt,age,35-44,2011,rate,0.015539624000848054,FL
full-year,hunt,age,35-44,2012,rate,0.015425285283568244,FL
full-year,hunt,age,35-44,2013,rate,0.016055693274351728,FL
full-year,hunt,age,35-44,2014,rate,0.015560666839588929,FL
full-year,hunt,age,35-44,2015,rate,0.015454586427311923,FL
full-year,hunt,age,35-44,2016,rate,0.01532920315534519,FL
full-year,hunt,age,35-44,2017,rate,0.015143839198035034,FL
full-year,hunt,age,35-44,2018,rate,0.014914532165475275,FL
full-year,hunt,age,45-54,2009,rate,0.016305144366490106,FL
full-year,hunt,age,45-54,2010,rate,0.016349831224296816,FL
full-year,hunt,age,45-54,2011,rate,0.016183693231477114,FL
full-year,hunt,age,45-54,2012,rate,0.015938908933472187,FL
full-year,hunt,age,45-54,2013,rate,0.016654017493396192,FL
full-year,hunt,age,45-54,2014,rate,0.016310974945890132,FL
full-year,hunt,age,45-54,2015,rate,0.016246585931083288,FL
full-year,hunt,age,45-54,2016,rate,0.016177820393002175,FL
full-year,hunt,age,45-54,2017,rate,0.016135952518934408,FL
full-year,hunt,age,45-54,2018,rate,0.015891622970709802,FL
full-year,hunt,age,55-64,2009,rate,0.013404171915305815,FL
full-year,hunt,age,55-64,2010,rate,0.013661443831359322,FL
full-year,hunt,age,55-64,2011,rate,0.013527497892505996,FL
full-year,hunt,age,55-64,2012,rate,0.013350609438411546,FL
full-year,hunt,age,55-64,2013,rate,0.013897723030872252,FL
full-year,hunt,age,55-64,2014,rate,0.014076082533712427,FL
full-year,hunt,age,55-64,2015,rate,0.013689345850881418,FL
full-year,hunt,age,55-64,2016,rate,0.013326869324947612,FL
full-year,hunt,age,55-64,2017,rate,0.013011137487174081,FL
full-year,hunt,age,55-64,2018,rate,0.012814123685825872,FL
full-year,hunt,all,all,2009,rate,0.0143330704569942,FL
full-year,hunt,all,all,2010,rate,0.014289984789020967,FL
full-year,hunt,all,all,2011,rate,0.014009540746681941,FL
full-year,hunt,all,all,2012,rate,0.014007662164169099,FL
full-year,hunt,all,all,2013,rate,0.014795058357102483,FL
full-year,hunt,all,all,2014,rate,0.014708005916993273,FL
full-year,hunt,all,all,2015,rate,0.01449408815092379,FL
full-year,hunt,all,all,2016,rate,0.014278197991752492,FL
full-year,hunt,all,all,2017,rate,0.014086713068071351,FL
full-year,hunt,all,all,2018,rate,0.013873412970921659,FL
full-year,hunt,gender,female,2009,rate,0.0020885256538975866,FL
full-year,hunt,gender,female,2010,rate,0.002084525147805144,FL
full-year,hunt,gender,female,2011,rate,0.0021367547332809328,FL
full-year,hunt,gender,female,2012,rate,0.0022450051882873063,FL
full-year,hunt,gender,female,2013,rate,0.002543463074922718,FL
full-year,hunt,gender,female,2014,rate,0.002632282949999971,FL
full-year,hunt,gender,female,2015,rate,0.0025934893108695953,FL
full-year,hunt,gender,female,2016,rate,0.0025560169510575087,FL
full-year,hunt,gender,female,2017,rate,0.0025226139949174383,FL
full-year,hunt,gender,female,2018,rate,0.00248441673714787,FL
full-year,hunt,gender,male,2009,rate,0.026903727309014247,FL
full-year,hunt,gender,male,2010,rate,0.02682051551418942,FL
full-year,hunt,gender,male,2011,rate,0.02618632172640514,FL
full-year,hunt,gender,male,2012,rate,0.026074427108830966,FL
full-year,hunt,gender,male,2013,rate,0.027361463451914664,FL
full-year,hunt,gender,male,2014,rate,0.027092692657926052,FL
full-year,hunt,gender,male,2015,rate,0.026704022239829595,FL
full-year,hunt,gender,male,2016,rate,0.026294044583247096,FL
full-year,hunt,gender,male,2017,rate,0.02593218657512945,FL
full-year,hunt,gender,male,2018,rate,0.02553952308514069,FL
